����,�n�l(BID),���l(BID),���l(BID),�I�l(BID),���l(ASK),���l(ASK)
20150501070000,94.346,94.360,94.345,94.354,94.367,94.352,HIGHやで～
20150501070100,94.354,94.386,94.354,94.375,94.393,94.361,HIGHやで～
20150501070200,94.375,94.378,94.365,94.373,94.385,94.372,LOWやで～
20150501070300,94.373,94.373,94.367,94.367,94.380,94.374,LOWやで～
20150501070400,94.368,94.370,94.359,94.361,94.377,94.366,LOWやで～
20150501070500,94.360,94.361,94.353,94.358,94.368,94.360,LOWやで～
20150501070600,94.358,94.361,94.347,94.349,94.368,94.354,LOWやで～
20150501070700,94.348,94.349,94.328,94.329,94.356,94.335,LOWやで～
20150501070800,94.329,94.337,94.328,94.332,94.344,94.335,HIGHやで～
20150501070900,94.332,94.334,94.324,94.330,94.341,94.331,LOWやで～
20150501071000,94.329,94.342,94.329,94.334,94.349,94.336,HIGHやで～
20150501071100,94.334,94.350,94.331,94.348,94.357,94.338,HIGHやで～
20150501071200,94.349,94.371,94.348,94.371,94.378,94.355,HIGHやで～
20150501071300,94.371,94.375,94.362,94.364,94.382,94.369,LOWやで～
20150501071400,94.364,94.364,94.347,94.348,94.371,94.354,LOWやで～
20150501071500,94.348,94.350,94.339,94.344,94.357,94.346,LOWやで～
20150501071600,94.344,94.350,94.332,94.338,94.357,94.339,LOWやで～
20150501071700,94.339,94.343,94.324,94.328,94.350,94.331,LOWやで～
20150501071800,94.328,94.337,94.327,94.337,94.344,94.334,HIGHやで～
20150501071900,94.337,94.347,94.337,94.345,94.354,94.344,HIGHやで～
20150501072000,94.345,94.348,94.342,94.342,94.355,94.349,LOWやで～
20150501072100,94.341,94.351,94.335,94.351,94.358,94.342,HIGHやで～
20150501072200,94.352,94.357,94.342,94.347,94.364,94.349,LOWやで～
20150501072300,94.346,94.383,94.343,94.377,94.390,94.350,HIGHやで～
20150501072400,94.378,94.399,94.370,94.393,94.406,94.377,HIGHやで～
20150501072500,94.393,94.394,94.388,94.393,94.401,94.395,LOWやで～
20150501072600,94.394,94.408,94.388,94.407,94.415,94.395,HIGHやで～
20150501072700,94.407,94.408,94.392,94.392,94.415,94.399,LOWやで～
20150501072800,94.392,94.394,94.385,94.386,94.401,94.392,LOWやで～
20150501072900,94.386,94.389,94.380,94.383,94.396,94.387,LOWやで～
20150501073000,94.383,94.385,94.371,94.376,94.392,94.378,LOWやで～
20150501073100,94.376,94.384,94.365,94.373,94.391,94.372,LOWやで～
20150501073200,94.373,94.376,94.369,94.375,94.383,94.376,HIGHやで～
20150501073300,94.375,94.382,94.373,94.381,94.389,94.380,HIGHやで～
20150501073400,94.381,94.420,94.381,94.397,94.427,94.388,HIGHやで～
20150501073500,94.397,94.398,94.384,94.384,94.405,94.391,LOWやで～
20150501073600,94.383,94.384,94.380,94.381,94.391,94.387,LOWやで～
20150501073700,94.381,94.381,94.379,94.381,94.388,94.386,LOWやで～
20150501073800,94.381,94.382,94.380,94.380,94.389,94.387,LOWやで～
20150501073900,94.380,94.381,94.376,94.377,94.388,94.383,LOWやで～
20150501074000,94.377,94.377,94.370,94.377,94.384,94.377,LOWやで～
20150501074100,94.377,94.394,94.372,94.387,94.401,94.379,HIGHやで～
20150501074200,94.388,94.388,94.382,94.382,94.395,94.389,LOWやで～
20150501074300,94.382,94.386,94.375,94.378,94.393,94.382,LOWやで～
20150501074400,94.378,94.378,94.372,94.374,94.385,94.379,LOWやで～
20150501074500,94.374,94.374,94.353,94.356,94.381,94.360,LOWやで～
20150501074600,94.356,94.356,94.330,94.333,94.363,94.337,LOWやで～
20150501074700,94.334,94.361,94.334,94.360,94.368,94.341,HIGHやで～
20150501074800,94.359,94.361,94.357,94.360,94.368,94.364,HIGHやで～
20150501074900,94.360,94.368,94.359,94.367,94.375,94.366,HIGHやで～
20150501075000,94.367,94.368,94.362,94.366,94.375,94.369,LOWやで～
20150501075100,94.366,94.369,94.358,94.367,94.376,94.365,HIGHやで～
20150501075200,94.367,94.385,94.366,94.375,94.392,94.373,HIGHやで～
20150501075300,94.375,94.386,94.375,94.384,94.393,94.382,HIGHやで～
20150501075400,94.385,94.389,94.376,94.389,94.396,94.383,HIGHやで～
20150501075500,94.389,94.389,94.383,94.383,94.396,94.390,LOWやで～
20150501075600,94.383,94.387,94.381,94.384,94.394,94.388,HIGHやで～
20150501075700,94.384,94.386,94.382,94.385,94.393,94.389,HIGHやで～
20150501075800,94.385,94.385,94.372,94.373,94.392,94.379,LOWやで～
20150501075900,94.373,94.374,94.345,94.357,94.381,94.352,LOWやで～
20150501080000,94.357,94.387,94.346,94.387,94.394,94.353,HIGHやで～
20150501080100,94.387,94.389,94.383,94.383,94.396,94.390,LOWやで～
20150501080200,94.382,94.397,94.379,94.391,94.404,94.386,HIGHやで～
20150501080300,94.391,94.394,94.384,94.385,94.401,94.391,LOWやで～
20150501080400,94.385,94.392,94.384,94.385,94.399,94.391,LOWやで～
20150501080500,94.385,94.385,94.377,94.380,94.392,94.384,LOWやで～
20150501080600,94.380,94.384,94.379,94.383,94.391,94.386,HIGHやで～
20150501080700,94.383,94.389,94.381,94.387,94.396,94.388,HIGHやで～
20150501080800,94.387,94.405,94.384,94.401,94.412,94.391,HIGHやで～
20150501080900,94.402,94.405,94.395,94.396,94.412,94.402,LOWやで～
20150501081000,94.396,94.405,94.394,94.400,94.412,94.401,HIGHやで～
20150501081100,94.399,94.401,94.397,94.401,94.408,94.404,HIGHやで～
20150501081200,94.400,94.401,94.397,94.397,94.408,94.404,LOWやで～
20150501081300,94.398,94.399,94.373,94.382,94.406,94.380,LOWやで～
20150501081400,94.382,94.389,94.380,94.386,94.396,94.387,HIGHやで～
20150501081500,94.385,94.387,94.379,94.379,94.394,94.386,LOWやで～
20150501081600,94.378,94.385,94.375,94.385,94.392,94.382,HIGHやで～
20150501081700,94.385,94.386,94.381,94.384,94.393,94.388,LOWやで～
20150501081800,94.383,94.384,94.374,94.376,94.391,94.381,LOWやで～
20150501081900,94.376,94.376,94.363,94.368,94.383,94.370,LOWやで～
20150501082000,94.368,94.377,94.368,94.371,94.384,94.375,HIGHやで～
20150501082100,94.371,94.377,94.361,94.373,94.384,94.368,HIGHやで～
20150501082200,94.373,94.373,94.368,94.370,94.380,94.375,LOWやで～
20150501082300,94.370,94.372,94.369,94.370,94.379,94.376,LOWやで～
20150501082400,94.370,94.384,94.370,94.382,94.391,94.377,HIGHやで～
20150501082500,94.382,94.394,94.382,94.386,94.401,94.389,HIGHやで～
20150501082600,94.386,94.390,94.386,94.390,94.397,94.393,HIGHやで～
20150501082700,94.390,94.391,94.380,94.380,94.398,94.387,LOWやで～
20150501082800,94.380,94.380,94.370,94.372,94.387,94.377,LOWやで～
20150501082900,94.372,94.375,94.357,94.360,94.390,94.369,LOWやで～
20150501083000,94.359,94.377,94.359,94.376,94.397,94.371,HIGHやで～
20150501083100,94.376,94.379,94.367,94.368,94.386,94.374,LOWやで～
20150501083200,94.368,94.374,94.363,94.363,94.381,94.370,LOWやで～
20150501083300,94.363,94.367,94.344,94.346,94.374,94.351,LOWやで～
20150501083400,94.346,94.353,94.345,94.352,94.360,94.352,HIGHやで～
20150501083500,94.351,94.357,94.349,94.353,94.364,94.356,HIGHやで～
20150501083600,94.353,94.360,94.341,94.347,94.367,94.348,LOWやで～
20150501083700,94.347,94.352,94.344,94.348,94.359,94.351,HIGHやで～
20150501083800,94.349,94.349,94.325,94.334,94.356,94.332,LOWやで～
20150501083900,94.334,94.348,94.329,94.342,94.355,94.336,HIGHやで～
20150501084000,94.341,94.356,94.339,94.356,94.363,94.346,HIGHやで～
20150501084100,94.355,94.357,94.344,94.350,94.364,94.351,LOWやで～
20150501084200,94.349,94.390,94.349,94.389,94.397,94.356,HIGHやで～
20150501084300,94.390,94.395,94.375,94.376,94.402,94.382,LOWやで～
20150501084400,94.377,94.378,94.373,94.374,94.385,94.380,LOWやで～
20150501084500,94.373,94.379,94.350,94.353,94.386,94.357,LOWやで～
20150501084600,94.353,94.365,94.353,94.359,94.372,94.360,HIGHやで～
20150501084700,94.359,94.372,94.358,94.372,94.379,94.365,HIGHやで～
20150501084800,94.372,94.372,94.367,94.367,94.379,94.374,LOWやで～
20150501084900,94.367,94.389,94.365,94.378,94.396,94.372,HIGHやで～
20150501085000,94.379,94.383,94.364,94.364,94.390,94.371,LOWやで～
20150501085100,94.364,94.368,94.355,94.355,94.375,94.362,LOWやで～
20150501085200,94.355,94.376,94.353,94.376,94.383,94.360,HIGHやで～
20150501085300,94.376,94.376,94.362,94.365,94.383,94.369,LOWやで～
20150501085400,94.364,94.377,94.363,94.376,94.384,94.370,HIGHやで～
20150501085500,94.376,94.381,94.364,94.364,94.388,94.371,LOWやで～
20150501085600,94.364,94.377,94.363,94.368,94.384,94.370,HIGHやで～
20150501085700,94.368,94.382,94.368,94.376,94.389,94.375,HIGHやで～
20150501085800,94.376,94.376,94.355,94.356,94.383,94.362,LOWやで～
20150501085900,94.356,94.367,94.343,94.343,94.374,94.350,LOWやで～
20150501090000,94.341,94.369,94.337,94.343,94.376,94.344,HIGHやで～
20150501090100,94.345,94.361,94.341,94.359,94.368,94.348,HIGHやで～
20150501090200,94.359,94.377,94.349,94.357,94.384,94.356,LOWやで～
20150501090300,94.359,94.360,94.355,94.356,94.367,94.362,LOWやで～
20150501090400,94.356,94.367,94.352,94.358,94.374,94.359,HIGHやで～
20150501090500,94.358,94.369,94.357,94.360,94.376,94.364,HIGHやで～
20150501090600,94.360,94.377,94.360,94.373,94.384,94.367,HIGHやで～
20150501090700,94.373,94.403,94.368,94.397,94.410,94.375,HIGHやで～
20150501090800,94.399,94.405,94.378,94.392,94.412,94.385,LOWやで～
20150501090900,94.392,94.392,94.379,94.384,94.399,94.386,LOWやで～
20150501091000,94.386,94.394,94.376,94.376,94.401,94.383,LOWやで～
20150501091100,94.377,94.387,94.374,94.379,94.394,94.381,HIGHやで～
20150501091200,94.378,94.396,94.358,94.363,94.403,94.365,LOWやで～
20150501091300,94.363,94.366,94.358,94.362,94.373,94.365,LOWやで～
20150501091400,94.361,94.370,94.342,94.369,94.377,94.349,HIGHやで～
20150501091500,94.370,94.377,94.359,94.361,94.384,94.366,LOWやで～
20150501091600,94.361,94.380,94.360,94.371,94.387,94.367,HIGHやで～
20150501091700,94.372,94.400,94.370,94.372,94.407,94.377,LOWやで～
20150501091800,94.372,94.381,94.369,94.372,94.388,94.376,LOWやで～
20150501091900,94.372,94.378,94.369,94.373,94.385,94.376,HIGHやで～
20150501092000,94.373,94.377,94.362,94.362,94.384,94.369,LOWやで～
20150501092100,94.362,94.362,94.347,94.352,94.369,94.354,LOWやで～
20150501092200,94.352,94.367,94.347,94.364,94.374,94.354,HIGHやで～
20150501092300,94.364,94.369,94.348,94.356,94.376,94.355,LOWやで～
20150501092400,94.356,94.357,94.336,94.336,94.364,94.343,LOWやで～
20150501092500,94.336,94.359,94.335,94.358,94.366,94.342,HIGHやで～
20150501092600,94.357,94.366,94.351,94.364,94.373,94.358,HIGHやで～
20150501092700,94.365,94.373,94.346,94.346,94.380,94.353,LOWやで～
20150501092800,94.346,94.365,94.345,94.365,94.372,94.352,HIGHやで～
20150501092900,94.365,94.371,94.358,94.358,94.378,94.365,LOWやで～
20150501093000,94.358,94.370,94.358,94.364,94.377,94.365,HIGHやで～
20150501093100,94.364,94.364,94.349,94.351,94.371,94.356,LOWやで～
20150501093200,94.354,94.358,94.346,94.348,94.365,94.353,LOWやで～
20150501093300,94.348,94.369,94.348,94.350,94.376,94.355,HIGHやで～
20150501093400,94.349,94.349,94.329,94.341,94.356,94.336,LOWやで～
20150501093500,94.341,94.354,94.337,94.354,94.361,94.344,HIGHやで～
20150501093600,94.354,94.361,94.351,94.359,94.368,94.358,HIGHやで～
20150501093700,94.359,94.368,94.353,94.364,94.375,94.360,HIGHやで～
20150501093800,94.364,94.368,94.355,94.365,94.375,94.362,HIGHやで～
20150501093900,94.365,94.372,94.349,94.355,94.379,94.356,LOWやで～
20150501094000,94.354,94.371,94.353,94.369,94.378,94.360,HIGHやで～
20150501094100,94.369,94.380,94.365,94.365,94.387,94.372,LOWやで～
20150501094200,94.365,94.384,94.365,94.367,94.391,94.372,HIGHやで～
20150501094300,94.367,94.381,94.352,94.364,94.388,94.359,LOWやで～
20150501094400,94.364,94.387,94.364,94.379,94.394,94.371,HIGHやで～
20150501094500,94.380,94.388,94.380,94.382,94.395,94.387,HIGHやで～
20150501094600,94.382,94.385,94.381,94.381,94.392,94.388,LOWやで～
20150501094700,94.380,94.380,94.364,94.365,94.387,94.371,LOWやで～
20150501094800,94.365,94.372,94.364,94.372,94.379,94.371,HIGHやで～
20150501094900,94.374,94.386,94.368,94.382,94.393,94.375,HIGHやで～
20150501095000,94.382,94.403,94.375,94.401,94.410,94.382,HIGHやで～
20150501095100,94.401,94.413,94.383,94.383,94.420,94.390,LOWやで～
20150501095200,94.383,94.397,94.359,94.362,94.404,94.366,LOWやで～
20150501095300,94.363,94.385,94.362,94.384,94.392,94.369,HIGHやで～
20150501095400,94.384,94.415,94.368,94.415,94.422,94.375,HIGHやで～
20150501095500,94.426,94.437,94.397,94.401,94.444,94.404,LOWやで～
20150501095600,94.399,94.414,94.391,94.407,94.421,94.398,HIGHやで～
20150501095700,94.407,94.419,94.406,94.410,94.426,94.413,HIGHやで～
20150501095800,94.410,94.416,94.393,94.398,94.423,94.400,LOWやで～
20150501095900,94.398,94.411,94.375,94.403,94.453,94.393,HIGHやで～
20150501100000,94.401,94.515,94.401,94.456,94.522,94.443,HIGHやで～
20150501100100,94.455,94.456,94.430,94.435,94.463,94.437,LOWやで～
20150501100200,94.433,94.437,94.425,94.436,94.444,94.432,HIGHやで～
20150501100300,94.437,94.448,94.413,94.423,94.455,94.420,LOWやで～
20150501100400,94.423,94.423,94.381,94.387,94.430,94.388,LOWやで～
20150501100500,94.387,94.407,94.370,94.389,94.414,94.377,HIGHやで～
20150501100600,94.388,94.406,94.388,94.392,94.413,94.395,HIGHやで～
20150501100700,94.392,94.393,94.379,94.380,94.400,94.386,LOWやで～
20150501100800,94.380,94.382,94.348,94.349,94.389,94.355,LOWやで～
20150501100900,94.349,94.363,94.346,94.346,94.370,94.353,LOWやで～
20150501101000,94.346,94.350,94.330,94.332,94.357,94.337,LOWやで～
20150501101100,94.332,94.365,94.329,94.352,94.372,94.336,HIGHやで～
20150501101200,94.352,94.367,94.352,94.366,94.374,94.359,HIGHやで～
20150501101300,94.366,94.366,94.315,94.317,94.373,94.322,LOWやで～
20150501101400,94.317,94.339,94.316,94.336,94.346,94.323,HIGHやで～
20150501101500,94.336,94.338,94.330,94.337,94.345,94.337,HIGHやで～
20150501101600,94.336,94.362,94.336,94.360,94.369,94.343,HIGHやで～
20150501101700,94.361,94.366,94.329,94.331,94.373,94.336,LOWやで～
20150501101800,94.331,94.336,94.321,94.333,94.343,94.328,HIGHやで～
20150501101900,94.334,94.354,94.334,94.352,94.361,94.341,HIGHやで～
20150501102000,94.353,94.354,94.318,94.319,94.361,94.325,LOWやで～
20150501102100,94.318,94.331,94.309,94.317,94.338,94.316,LOWやで～
20150501102200,94.318,94.336,94.315,94.319,94.343,94.322,HIGHやで～
20150501102300,94.318,94.343,94.315,94.341,94.350,94.322,HIGHやで～
20150501102400,94.341,94.344,94.327,94.328,94.351,94.334,LOWやで～
20150501102500,94.328,94.347,94.328,94.344,94.354,94.335,HIGHやで～
20150501102600,94.344,94.354,94.340,94.351,94.361,94.347,HIGHやで～
20150501102700,94.352,94.357,94.336,94.342,94.364,94.343,LOWやで～
20150501102800,94.343,94.357,94.343,94.354,94.364,94.350,HIGHやで～
20150501102900,94.355,94.396,94.348,94.350,94.403,94.361,LOWやで～
20150501103000,94.350,94.399,94.348,94.381,94.423,94.381,HIGHやで～
20150501103100,94.381,94.390,94.379,94.388,94.397,94.386,HIGHやで～
20150501103200,94.388,94.409,94.387,94.402,94.416,94.394,HIGHやで～
20150501103300,94.402,94.410,94.395,94.404,94.417,94.402,HIGHやで～
20150501103400,94.404,94.410,94.393,94.406,94.417,94.400,HIGHやで～
20150501103500,94.406,94.406,94.385,94.385,94.413,94.392,LOWやで～
20150501103600,94.385,94.411,94.385,94.407,94.418,94.392,HIGHやで～
20150501103700,94.407,94.408,94.395,94.395,94.415,94.402,LOWやで～
20150501103800,94.395,94.400,94.388,94.392,94.407,94.395,LOWやで～
20150501103900,94.392,94.397,94.388,94.388,94.404,94.395,LOWやで～
20150501104000,94.388,94.388,94.380,94.380,94.395,94.387,LOWやで～
20150501104100,94.382,94.396,94.382,94.393,94.403,94.389,HIGHやで～
20150501104200,94.393,94.396,94.382,94.385,94.403,94.389,LOWやで～
20150501104300,94.385,94.385,94.370,94.378,94.392,94.377,LOWやで～
20150501104400,94.378,94.380,94.366,94.372,94.387,94.373,LOWやで～
20150501104500,94.370,94.378,94.369,94.378,94.385,94.376,HIGHやで～
20150501104600,94.378,94.387,94.375,94.387,94.394,94.382,HIGHやで～
20150501104700,94.387,94.419,94.385,94.415,94.426,94.392,HIGHやで～
20150501104800,94.415,94.423,94.412,94.418,94.430,94.419,HIGHやで～
20150501104900,94.419,94.440,94.416,94.436,94.447,94.423,HIGHやで～
20150501105000,94.436,94.448,94.435,94.438,94.455,94.442,HIGHやで～
20150501105100,94.438,94.449,94.433,94.446,94.456,94.440,HIGHやで～
20150501105200,94.446,94.449,94.434,94.442,94.456,94.441,LOWやで～
20150501105300,94.442,94.456,94.438,94.441,94.463,94.445,LOWやで～
20150501105400,94.441,94.447,94.397,94.397,94.454,94.404,LOWやで～
20150501105500,94.398,94.402,94.393,94.394,94.409,94.400,LOWやで～
20150501105600,94.394,94.399,94.386,94.399,94.406,94.393,HIGHやで～
20150501105700,94.399,94.399,94.365,94.377,94.406,94.372,LOWやで～
20150501105800,94.373,94.374,94.356,94.363,94.381,94.363,LOWやで～
20150501105900,94.363,94.363,94.351,94.356,94.370,94.358,LOWやで～
20150501110000,94.356,94.357,94.341,94.346,94.364,94.348,LOWやで～
20150501110100,94.345,94.359,94.337,94.353,94.366,94.344,HIGHやで～
20150501110200,94.353,94.366,94.351,94.363,94.373,94.358,HIGHやで～
20150501110300,94.362,94.377,94.362,94.370,94.384,94.369,HIGHやで～
20150501110400,94.370,94.387,94.366,94.380,94.394,94.373,HIGHやで～
20150501110500,94.379,94.380,94.367,94.367,94.387,94.374,LOWやで～
20150501110600,94.367,94.376,94.367,94.374,94.383,94.374,HIGHやで～
20150501110700,94.374,94.375,94.357,94.372,94.382,94.364,LOWやで～
20150501110800,94.369,94.383,94.368,94.379,94.390,94.375,HIGHやで～
20150501110900,94.378,94.379,94.368,94.371,94.386,94.375,LOWやで～
20150501111000,94.371,94.378,94.348,94.362,94.385,94.355,LOWやで～
20150501111100,94.362,94.374,94.360,94.361,94.381,94.367,LOWやで～
20150501111200,94.360,94.374,94.357,94.368,94.381,94.364,HIGHやで～
20150501111300,94.368,94.373,94.356,94.356,94.380,94.363,LOWやで～
20150501111400,94.356,94.363,94.356,94.363,94.370,94.363,HIGHやで～
20150501111500,94.363,94.372,94.353,94.354,94.379,94.360,LOWやで～
20150501111600,94.355,94.361,94.291,94.310,94.368,94.298,LOWやで～
20150501111700,94.310,94.319,94.306,94.316,94.326,94.313,HIGHやで～
20150501111800,94.316,94.323,94.301,94.322,94.330,94.308,HIGHやで～
20150501111900,94.322,94.325,94.295,94.297,94.332,94.302,LOWやで～
20150501112000,94.297,94.298,94.280,94.280,94.305,94.287,LOWやで～
20150501112100,94.280,94.288,94.279,94.283,94.295,94.286,HIGHやで～
20150501112200,94.284,94.296,94.283,94.294,94.303,94.290,HIGHやで～
20150501112300,94.294,94.295,94.277,94.289,94.302,94.284,LOWやで～
20150501112400,94.289,94.292,94.283,94.283,94.299,94.290,LOWやで～
20150501112500,94.283,94.290,94.255,94.255,94.297,94.262,LOWやで～
20150501112600,94.255,94.257,94.236,94.244,94.264,94.243,LOWやで～
20150501112700,94.244,94.262,94.236,94.258,94.269,94.243,HIGHやで～
20150501112800,94.257,94.277,94.257,94.275,94.284,94.264,HIGHやで～
20150501112900,94.275,94.285,94.273,94.275,94.292,94.280,LOWやで～
20150501113000,94.275,94.283,94.268,94.281,94.290,94.275,HIGHやで～
20150501113100,94.281,94.305,94.281,94.300,94.312,94.288,HIGHやで～
20150501113200,94.300,94.315,94.300,94.307,94.322,94.307,HIGHやで～
20150501113300,94.308,94.314,94.285,94.300,94.321,94.292,LOWやで～
20150501113400,94.302,94.302,94.292,94.293,94.309,94.299,LOWやで～
20150501113500,94.293,94.304,94.292,94.302,94.311,94.299,HIGHやで～
20150501113600,94.302,94.312,94.301,94.310,94.319,94.308,HIGHやで～
20150501113700,94.310,94.323,94.307,94.323,94.330,94.314,HIGHやで～
20150501113800,94.323,94.328,94.313,94.316,94.335,94.320,LOWやで～
20150501113900,94.316,94.317,94.293,94.294,94.324,94.300,LOWやで～
20150501114000,94.294,94.301,94.287,94.298,94.308,94.294,HIGHやで～
20150501114100,94.298,94.300,94.291,94.297,94.307,94.298,LOWやで～
20150501114200,94.299,94.324,94.299,94.324,94.331,94.306,HIGHやで～
20150501114300,94.324,94.342,94.324,94.335,94.349,94.331,HIGHやで～
20150501114400,94.336,94.355,94.336,94.352,94.362,94.343,HIGHやで～
20150501114500,94.352,94.362,94.347,94.362,94.369,94.354,HIGHやで～
20150501114600,94.362,94.367,94.359,94.361,94.374,94.366,LOWやで～
20150501114700,94.361,94.396,94.361,94.394,94.403,94.368,HIGHやで～
20150501114800,94.395,94.402,94.393,94.397,94.409,94.400,HIGHやで～
20150501114900,94.397,94.397,94.394,94.396,94.404,94.401,LOWやで～
20150501115000,94.396,94.396,94.395,94.395,94.403,94.402,LOWやで～
20150501115100,94.395,94.397,94.394,94.395,94.404,94.401,LOWやで～
20150501115200,94.396,94.396,94.388,94.393,94.403,94.395,LOWやで～
20150501115300,94.393,94.393,94.387,94.393,94.400,94.394,LOWやで～
20150501115400,94.393,94.407,94.393,94.405,94.414,94.400,HIGHやで～
20150501115500,94.406,94.408,94.399,94.404,94.415,94.406,LOWやで～
20150501115600,94.404,94.432,94.404,94.432,94.439,94.411,HIGHやで～
20150501115700,94.432,94.444,94.425,94.425,94.451,94.432,LOWやで～
20150501115800,94.426,94.436,94.420,94.420,94.443,94.427,LOWやで～
20150501115900,94.420,94.421,94.418,94.419,94.428,94.425,LOWやで～
20150501120000,94.419,94.424,94.419,94.423,94.431,94.426,HIGHやで～
20150501120100,94.416,94.421,94.410,94.420,94.428,94.417,HIGHやで～
20150501120200,94.420,94.432,94.420,94.431,94.439,94.427,HIGHやで～
20150501120300,94.431,94.431,94.420,94.421,94.438,94.427,LOWやで～
20150501120400,94.421,94.429,94.420,94.427,94.436,94.427,HIGHやで～
20150501120500,94.427,94.430,94.427,94.430,94.437,94.434,HIGHやで～
20150501120600,94.430,94.430,94.421,94.424,94.437,94.428,LOWやで～
20150501120700,94.424,94.426,94.408,94.410,94.433,94.415,LOWやで～
20150501120800,94.410,94.412,94.403,94.410,94.419,94.410,LOWやで～
20150501120900,94.410,94.412,94.393,94.398,94.419,94.400,LOWやで～
20150501121000,94.399,94.407,94.390,94.407,94.414,94.397,HIGHやで～
20150501121100,94.407,94.419,94.406,94.419,94.426,94.413,HIGHやで～
20150501121200,94.419,94.420,94.394,94.395,94.427,94.401,LOWやで～
20150501121300,94.395,94.396,94.373,94.376,94.403,94.380,LOWやで～
20150501121400,94.376,94.400,94.376,94.398,94.407,94.383,HIGHやで～
20150501121500,94.398,94.398,94.378,94.382,94.405,94.385,LOWやで～
20150501121600,94.383,94.388,94.383,94.386,94.395,94.390,HIGHやで～
20150501121700,94.386,94.400,94.383,94.398,94.407,94.390,HIGHやで～
20150501121800,94.398,94.403,94.395,94.395,94.410,94.402,LOWやで～
20150501121900,94.395,94.401,94.389,94.389,94.408,94.396,LOWやで～
20150501122000,94.389,94.389,94.386,94.388,94.396,94.393,LOWやで～
20150501122100,94.388,94.394,94.372,94.377,94.401,94.379,LOWやで～
20150501122200,94.378,94.395,94.378,94.395,94.402,94.385,HIGHやで～
20150501122300,94.395,94.410,94.394,94.405,94.417,94.401,HIGHやで～
20150501122400,94.405,94.412,94.404,94.407,94.419,94.411,HIGHやで～
20150501122500,94.407,94.411,94.406,94.410,94.418,94.413,HIGHやで～
20150501122600,94.410,94.418,94.390,94.390,94.425,94.397,LOWやで～
20150501122700,94.391,94.401,94.389,94.394,94.408,94.396,HIGHやで～
20150501122800,94.394,94.402,94.393,94.393,94.409,94.400,LOWやで～
20150501122900,94.393,94.397,94.383,94.387,94.404,94.390,LOWやで～
20150501123000,94.387,94.393,94.386,94.387,94.400,94.393,LOWやで～
20150501123100,94.387,94.422,94.387,94.422,94.429,94.394,HIGHやで～
20150501123200,94.422,94.438,94.421,94.437,94.445,94.428,HIGHやで～
20150501123300,94.437,94.448,94.436,94.446,94.455,94.443,HIGHやで～
20150501123400,94.446,94.446,94.437,94.437,94.453,94.444,LOWやで～
20150501123500,94.437,94.441,94.436,94.440,94.448,94.443,HIGHやで～
20150501123600,94.440,94.442,94.436,94.438,94.449,94.443,LOWやで～
20150501123700,94.438,94.439,94.437,94.437,94.446,94.444,LOWやで～
20150501123800,94.436,94.448,94.436,94.444,94.455,94.443,HIGHやで～
20150501123900,94.444,94.445,94.435,94.440,94.452,94.442,LOWやで～
20150501124000,94.441,94.441,94.431,94.432,94.448,94.438,LOWやで～
20150501124100,94.432,94.436,94.430,94.434,94.443,94.437,HIGHやで～
20150501124200,94.434,94.439,94.433,94.435,94.446,94.440,HIGHやで～
20150501124300,94.436,94.459,94.436,94.455,94.466,94.443,HIGHやで～
20150501124400,94.456,94.463,94.456,94.463,94.470,94.463,HIGHやで～
20150501124500,94.463,94.481,94.459,94.474,94.488,94.466,HIGHやで～
20150501124600,94.473,94.474,94.468,94.471,94.481,94.475,LOWやで～
20150501124700,94.471,94.476,94.467,94.471,94.483,94.474,LOWやで～
20150501124800,94.471,94.473,94.467,94.467,94.480,94.474,LOWやで～
20150501124900,94.467,94.478,94.463,94.477,94.485,94.470,HIGHやで～
20150501125000,94.477,94.478,94.475,94.477,94.485,94.482,LOWやで～
20150501125100,94.477,94.477,94.469,94.472,94.484,94.476,LOWやで～
20150501125200,94.472,94.481,94.460,94.481,94.488,94.467,HIGHやで～
20150501125300,94.481,94.485,94.466,94.466,94.492,94.473,LOWやで～
20150501125400,94.466,94.472,94.462,94.465,94.479,94.469,LOWやで～
20150501125500,94.465,94.467,94.455,94.458,94.474,94.462,LOWやで～
20150501125600,94.458,94.460,94.449,94.452,94.467,94.456,LOWやで～
20150501125700,94.452,94.452,94.449,94.450,94.459,94.456,LOWやで～
20150501125800,94.450,94.450,94.445,94.446,94.457,94.452,LOWやで～
20150501125900,94.446,94.449,94.434,94.446,94.456,94.441,LOWやで～
20150501130000,94.447,94.454,94.440,94.441,94.461,94.447,LOWやで～
20150501130100,94.440,94.440,94.420,94.426,94.447,94.427,LOWやで～
20150501130200,94.426,94.430,94.409,94.414,94.437,94.416,LOWやで～
20150501130300,94.413,94.425,94.413,94.419,94.432,94.420,HIGHやで～
20150501130400,94.419,94.426,94.412,94.426,94.433,94.419,HIGHやで～
20150501130500,94.426,94.455,94.426,94.449,94.462,94.433,HIGHやで～
20150501130600,94.449,94.449,94.429,94.448,94.456,94.436,LOWやで～
20150501130700,94.448,94.448,94.442,94.444,94.455,94.449,LOWやで～
20150501130800,94.444,94.448,94.440,94.448,94.455,94.447,HIGHやで～
20150501130900,94.449,94.455,94.440,94.445,94.462,94.447,LOWやで～
20150501131000,94.445,94.468,94.444,94.447,94.475,94.451,HIGHやで～
20150501131100,94.447,94.447,94.441,94.443,94.454,94.448,LOWやで～
20150501131200,94.443,94.443,94.434,94.435,94.450,94.441,LOWやで～
20150501131300,94.435,94.438,94.424,94.438,94.445,94.431,HIGHやで～
20150501131400,94.438,94.438,94.428,94.428,94.445,94.435,LOWやで～
20150501131500,94.428,94.429,94.412,94.413,94.436,94.419,LOWやで～
20150501131600,94.412,94.419,94.411,94.416,94.426,94.418,HIGHやで～
20150501131700,94.416,94.416,94.403,94.405,94.423,94.410,LOWやで～
20150501131800,94.404,94.410,94.397,94.406,94.417,94.404,HIGHやで～
20150501131900,94.406,94.408,94.398,94.403,94.415,94.405,LOWやで～
20150501132000,94.403,94.408,94.399,94.407,94.415,94.406,HIGHやで～
20150501132100,94.407,94.413,94.405,94.405,94.420,94.412,LOWやで～
20150501132200,94.405,94.412,94.405,94.408,94.419,94.412,HIGHやで～
20150501132300,94.408,94.424,94.403,94.409,94.431,94.410,HIGHやで～
20150501132400,94.409,94.409,94.387,94.387,94.416,94.394,LOWやで～
20150501132500,94.387,94.391,94.371,94.371,94.398,94.378,LOWやで～
20150501132600,94.372,94.384,94.369,94.380,94.391,94.376,HIGHやで～
20150501132700,94.382,94.386,94.376,94.383,94.393,94.383,HIGHやで～
20150501132800,94.383,94.383,94.375,94.375,94.390,94.382,LOWやで～
20150501132900,94.375,94.379,94.370,94.378,94.386,94.377,HIGHやで～
20150501133000,94.379,94.383,94.375,94.380,94.390,94.382,HIGHやで～
20150501133100,94.374,94.374,94.347,94.354,94.381,94.354,LOWやで～
20150501133200,94.354,94.354,94.323,94.328,94.361,94.330,LOWやで～
20150501133300,94.329,94.353,94.329,94.353,94.360,94.336,HIGHやで～
20150501133400,94.353,94.354,94.344,94.349,94.361,94.351,LOWやで～
20150501133500,94.349,94.354,94.335,94.336,94.361,94.342,LOWやで～
20150501133600,94.336,94.350,94.334,94.338,94.357,94.341,HIGHやで～
20150501133700,94.339,94.351,94.334,94.341,94.358,94.341,HIGHやで～
20150501133800,94.342,94.353,94.338,94.353,94.360,94.345,HIGHやで～
20150501133900,94.353,94.357,94.343,94.355,94.364,94.350,HIGHやで～
20150501134000,94.355,94.356,94.332,94.343,94.363,94.339,LOWやで～
20150501134100,94.342,94.359,94.341,94.356,94.366,94.348,HIGHやで～
20150501134200,94.356,94.366,94.348,94.356,94.373,94.355,LOWやで～
20150501134300,94.357,94.369,94.353,94.367,94.376,94.360,HIGHやで～
20150501134400,94.367,94.384,94.367,94.380,94.391,94.374,HIGHやで～
20150501134500,94.380,94.380,94.373,94.377,94.387,94.380,LOWやで～
20150501134600,94.377,94.383,94.377,94.379,94.390,94.384,HIGHやで～
20150501134700,94.379,94.389,94.378,94.389,94.396,94.385,HIGHやで～
20150501134800,94.390,94.402,94.386,94.390,94.409,94.393,LOWやで～
20150501134900,94.391,94.401,94.390,94.393,94.408,94.397,HIGHやで～
20150501135000,94.393,94.393,94.385,94.391,94.400,94.392,LOWやで～
20150501135100,94.391,94.394,94.383,94.387,94.401,94.390,LOWやで～
20150501135200,94.387,94.387,94.376,94.377,94.394,94.383,LOWやで～
20150501135300,94.376,94.380,94.367,94.378,94.387,94.374,HIGHやで～
20150501135400,94.378,94.392,94.378,94.388,94.399,94.385,HIGHやで～
20150501135500,94.388,94.388,94.374,94.375,94.395,94.381,LOWやで～
20150501135600,94.375,94.389,94.375,94.387,94.396,94.382,HIGHやで～
20150501135700,94.387,94.391,94.365,94.372,94.398,94.372,LOWやで～
20150501135800,94.372,94.379,94.368,94.378,94.386,94.375,HIGHやで～
20150501135900,94.378,94.379,94.364,94.369,94.386,94.371,LOWやで～
20150501140000,94.369,94.377,94.369,94.375,94.384,94.376,HIGHやで～
20150501140100,94.375,94.375,94.357,94.371,94.382,94.364,LOWやで～
20150501140200,94.371,94.374,94.352,94.353,94.381,94.359,LOWやで～
20150501140300,94.354,94.358,94.333,94.337,94.365,94.340,LOWやで～
20150501140400,94.338,94.340,94.330,94.338,94.347,94.337,LOWやで～
20150501140500,94.343,94.371,94.343,94.360,94.378,94.350,HIGHやで～
20150501140600,94.360,94.364,94.351,94.354,94.371,94.358,LOWやで～
20150501140700,94.354,94.354,94.337,94.352,94.361,94.344,LOWやで～
20150501140800,94.352,94.352,94.342,94.349,94.359,94.349,LOWやで～
20150501140900,94.349,94.354,94.338,94.342,94.361,94.345,LOWやで～
20150501141000,94.342,94.344,94.340,94.344,94.351,94.347,HIGHやで～
20150501141100,94.344,94.354,94.333,94.352,94.361,94.340,HIGHやで～
20150501141200,94.352,94.365,94.349,94.353,94.372,94.356,HIGHやで～
20150501141300,94.353,94.362,94.343,94.359,94.369,94.350,HIGHやで～
20150501141400,94.349,94.355,94.347,94.355,94.362,94.354,HIGHやで～
20150501141500,94.355,94.356,94.342,94.351,94.363,94.349,LOWやで～
20150501141600,94.351,94.353,94.347,94.347,94.360,94.354,LOWやで～
20150501141700,94.348,94.366,94.347,94.365,94.373,94.354,HIGHやで～
20150501141800,94.365,94.365,94.362,94.364,94.372,94.369,LOWやで～
20150501141900,94.364,94.364,94.351,94.355,94.371,94.358,LOWやで～
20150501142000,94.356,94.374,94.356,94.371,94.381,94.363,HIGHやで～
20150501142100,94.372,94.372,94.366,94.370,94.379,94.373,LOWやで～
20150501142200,94.370,94.372,94.364,94.367,94.379,94.371,LOWやで～
20150501142300,94.368,94.376,94.368,94.374,94.383,94.375,HIGHやで～
20150501142400,94.374,94.374,94.357,94.362,94.381,94.364,LOWやで～
20150501142500,94.362,94.385,94.359,94.381,94.392,94.366,HIGHやで～
20150501142600,94.381,94.393,94.381,94.391,94.400,94.388,HIGHやで～
20150501142700,94.391,94.392,94.382,94.386,94.399,94.389,LOWやで～
20150501142800,94.386,94.389,94.384,94.388,94.396,94.391,HIGHやで～
20150501142900,94.388,94.394,94.382,94.386,94.401,94.389,LOWやで～
20150501143000,94.386,94.400,94.382,94.400,94.407,94.389,HIGHやで～
20150501143100,94.401,94.412,94.399,94.412,94.419,94.406,HIGHやで～
20150501143200,94.412,94.420,94.409,94.409,94.427,94.416,LOWやで～
20150501143300,94.409,94.428,94.409,94.419,94.435,94.416,HIGHやで～
20150501143400,94.419,94.420,94.407,94.415,94.427,94.414,LOWやで～
20150501143500,94.415,94.440,94.411,94.439,94.447,94.418,HIGHやで～
20150501143600,94.439,94.452,94.435,94.447,94.459,94.442,HIGHやで～
20150501143700,94.446,94.460,94.428,94.459,94.467,94.435,HIGHやで～
20150501143800,94.459,94.459,94.435,94.445,94.466,94.442,LOWやで～
20150501143900,94.445,94.456,94.433,94.449,94.463,94.440,HIGHやで～
20150501144000,94.449,94.498,94.442,94.492,94.505,94.449,HIGHやで～
20150501144100,94.491,94.491,94.472,94.474,94.498,94.479,LOWやで～
20150501144200,94.474,94.479,94.461,94.462,94.486,94.468,LOWやで～
20150501144300,94.462,94.479,94.460,94.460,94.486,94.467,LOWやで～
20150501144400,94.460,94.470,94.455,94.466,94.477,94.462,HIGHやで～
20150501144500,94.466,94.466,94.455,94.459,94.473,94.462,LOWやで～
20150501144600,94.459,94.462,94.457,94.458,94.469,94.464,LOWやで～
20150501144700,94.458,94.472,94.452,94.470,94.479,94.459,HIGHやで～
20150501144800,94.470,94.470,94.455,94.456,94.477,94.462,LOWやで～
20150501144900,94.456,94.457,94.446,94.450,94.464,94.453,LOWやで～
20150501145000,94.450,94.475,94.442,94.464,94.482,94.449,HIGHやで～
20150501145100,94.464,94.489,94.460,94.484,94.496,94.467,HIGHやで～
20150501145200,94.483,94.509,94.478,94.509,94.516,94.485,HIGHやで～
20150501145300,94.509,94.540,94.504,94.540,94.547,94.511,HIGHやで～
20150501145400,94.539,94.566,94.539,94.553,94.573,94.546,HIGHやで～
20150501145500,94.556,94.565,94.549,94.559,94.572,94.556,HIGHやで～
20150501145600,94.559,94.591,94.559,94.589,94.598,94.566,HIGHやで～
20150501145700,94.590,94.601,94.586,94.586,94.608,94.593,LOWやで～
20150501145800,94.587,94.610,94.583,94.597,94.617,94.590,HIGHやで～
20150501145900,94.597,94.599,94.573,94.576,94.606,94.580,LOWやで～
20150501150000,94.573,94.621,94.573,94.621,94.628,94.580,HIGHやで～
20150501150100,94.623,94.649,94.605,94.647,94.656,94.612,HIGHやで～
20150501150200,94.647,94.662,94.631,94.658,94.669,94.638,HIGHやで～
20150501150300,94.658,94.660,94.647,94.647,94.667,94.654,LOWやで～
20150501150400,94.645,94.649,94.639,94.644,94.656,94.646,LOWやで～
20150501150500,94.644,94.652,94.627,94.632,94.659,94.634,LOWやで～
20150501150600,94.632,94.637,94.615,94.618,94.644,94.622,LOWやで～
20150501150700,94.618,94.625,94.601,94.615,94.632,94.608,LOWやで～
20150501150800,94.611,94.628,94.607,94.628,94.635,94.614,HIGHやで～
20150501150900,94.629,94.632,94.616,94.617,94.639,94.623,LOWやで～
20150501151000,94.617,94.618,94.599,94.604,94.625,94.606,LOWやで～
20150501151100,94.603,94.605,94.558,94.561,94.612,94.565,LOWやで～
20150501151200,94.561,94.573,94.541,94.554,94.580,94.548,LOWやで～
20150501151300,94.554,94.557,94.545,94.549,94.564,94.552,LOWやで～
20150501151400,94.549,94.549,94.527,94.537,94.556,94.534,LOWやで～
20150501151500,94.537,94.537,94.510,94.522,94.544,94.517,LOWやで～
20150501151600,94.522,94.529,94.519,94.526,94.536,94.526,HIGHやで～
20150501151700,94.526,94.552,94.526,94.533,94.559,94.533,HIGHやで～
20150501151800,94.533,94.559,94.531,94.548,94.566,94.538,HIGHやで～
20150501151900,94.548,94.548,94.535,94.538,94.555,94.542,LOWやで～
20150501152000,94.538,94.562,94.537,94.560,94.569,94.544,HIGHやで～
20150501152100,94.559,94.598,94.559,94.598,94.605,94.566,HIGHやで～
20150501152200,94.599,94.606,94.588,94.602,94.613,94.595,HIGHやで～
20150501152300,94.602,94.605,94.584,94.584,94.612,94.591,LOWやで～
20150501152400,94.584,94.589,94.571,94.579,94.596,94.578,LOWやで～
20150501152500,94.579,94.597,94.578,94.584,94.604,94.585,HIGHやで～
20150501152600,94.584,94.595,94.574,94.593,94.602,94.581,HIGHやで～
20150501152700,94.593,94.594,94.581,94.581,94.601,94.588,LOWやで～
20150501152800,94.582,94.583,94.559,94.560,94.590,94.566,LOWやで～
20150501152900,94.559,94.569,94.550,94.551,94.576,94.557,LOWやで～
20150501153000,94.551,94.569,94.536,94.540,94.576,94.543,LOWやで～
20150501153100,94.541,94.558,94.541,94.549,94.565,94.548,HIGHやで～
20150501153200,94.549,94.558,94.547,94.554,94.565,94.554,HIGHやで～
20150501153300,94.553,94.557,94.541,94.544,94.564,94.548,LOWやで～
20150501153400,94.544,94.544,94.513,94.519,94.551,94.520,LOWやで～
20150501153500,94.519,94.550,94.519,94.539,94.557,94.526,HIGHやで～
20150501153600,94.539,94.554,94.535,94.554,94.561,94.542,HIGHやで～
20150501153700,94.554,94.564,94.537,94.537,94.571,94.544,LOWやで～
20150501153800,94.536,94.549,94.513,94.517,94.556,94.520,LOWやで～
20150501153900,94.516,94.527,94.515,94.518,94.534,94.522,HIGHやで～
20150501154000,94.518,94.526,94.503,94.507,94.533,94.510,LOWやで～
20150501154100,94.507,94.514,94.490,94.490,94.521,94.497,LOWやで～
20150501154200,94.492,94.493,94.452,94.453,94.500,94.459,LOWやで～
20150501154300,94.452,94.462,94.442,94.455,94.469,94.449,HIGHやで～
20150501154400,94.455,94.461,94.432,94.432,94.468,94.439,LOWやで～
20150501154500,94.433,94.439,94.406,94.406,94.446,94.413,LOWやで～
20150501154600,94.405,94.405,94.377,94.393,94.412,94.384,LOWやで～
20150501154700,94.393,94.412,94.388,94.403,94.419,94.395,HIGHやで～
20150501154800,94.403,94.405,94.346,94.347,94.412,94.353,LOWやで～
20150501154900,94.346,94.352,94.309,94.310,94.359,94.316,LOWやで～
20150501155000,94.309,94.311,94.294,94.297,94.318,94.301,LOWやで～
20150501155100,94.297,94.391,94.297,94.367,94.398,94.304,HIGHやで～
20150501155200,94.367,94.368,94.325,94.326,94.375,94.332,LOWやで～
20150501155300,94.319,94.350,94.314,94.348,94.357,94.321,HIGHやで～
20150501155400,94.348,94.375,94.342,94.371,94.382,94.349,HIGHやで～
20150501155500,94.366,94.366,94.325,94.339,94.373,94.332,LOWやで～
20150501155600,94.339,94.340,94.309,94.310,94.347,94.316,LOWやで～
20150501155700,94.310,94.326,94.298,94.299,94.333,94.305,LOWやで～
20150501155800,94.300,94.304,94.294,94.302,94.311,94.301,HIGHやで～
20150501155900,94.300,94.325,94.300,94.305,94.332,94.307,HIGHやで～
20150501160000,94.306,94.322,94.284,94.321,94.329,94.291,HIGHやで～
20150501160100,94.322,94.323,94.262,94.285,94.330,94.269,LOWやで～
20150501160200,94.285,94.289,94.266,94.269,94.296,94.273,LOWやで～
20150501160300,94.271,94.281,94.223,94.223,94.288,94.230,LOWやで～
20150501160400,94.224,94.233,94.175,94.177,94.240,94.182,LOWやで～
20150501160500,94.177,94.217,94.176,94.217,94.224,94.183,HIGHやで～
20150501160600,94.217,94.221,94.193,94.206,94.228,94.200,LOWやで～
20150501160700,94.206,94.288,94.206,94.268,94.295,94.213,HIGHやで～
20150501160800,94.269,94.293,94.260,94.282,94.300,94.267,HIGHやで～
20150501160900,94.281,94.285,94.247,94.256,94.292,94.254,LOWやで～
20150501161000,94.256,94.257,94.225,94.246,94.264,94.232,LOWやで～
20150501161100,94.243,94.243,94.221,94.221,94.250,94.228,LOWやで～
20150501161200,94.221,94.284,94.210,94.278,94.291,94.217,HIGHやで～
20150501161300,94.278,94.322,94.273,94.320,94.329,94.280,HIGHやで～
20150501161400,94.319,94.334,94.312,94.329,94.341,94.319,HIGHやで～
20150501161500,94.328,94.360,94.327,94.337,94.367,94.334,HIGHやで～
20150501161600,94.336,94.338,94.312,94.314,94.345,94.319,LOWやで～
20150501161700,94.314,94.323,94.290,94.322,94.330,94.297,HIGHやで～
20150501161800,94.322,94.333,94.308,94.317,94.340,94.315,LOWやで～
20150501161900,94.317,94.322,94.300,94.316,94.329,94.307,LOWやで～
20150501162000,94.322,94.362,94.319,94.347,94.369,94.326,HIGHやで～
20150501162100,94.346,94.348,94.317,94.343,94.355,94.324,LOWやで～
20150501162200,94.344,94.351,94.315,94.315,94.358,94.322,LOWやで～
20150501162300,94.315,94.344,94.314,94.336,94.351,94.321,HIGHやで～
20150501162400,94.336,94.344,94.327,94.335,94.351,94.334,LOWやで～
20150501162500,94.335,94.340,94.328,94.340,94.347,94.335,HIGHやで～
20150501162600,94.340,94.368,94.340,94.358,94.375,94.347,HIGHやで～
20150501162700,94.357,94.358,94.343,94.347,94.365,94.350,LOWやで～
20150501162800,94.347,94.365,94.331,94.364,94.372,94.338,HIGHやで～
20150501162900,94.364,94.365,94.339,94.349,94.372,94.346,LOWやで～
20150501163000,94.349,94.368,94.348,94.364,94.375,94.355,HIGHやで～
20150501163100,94.364,94.364,94.342,94.346,94.371,94.349,LOWやで～
20150501163200,94.345,94.353,94.324,94.327,94.360,94.331,LOWやで～
20150501163300,94.327,94.330,94.307,94.313,94.337,94.314,LOWやで～
20150501163400,94.313,94.339,94.313,94.331,94.346,94.320,HIGHやで～
20150501163500,94.332,94.370,94.331,94.367,94.377,94.338,HIGHやで～
20150501163600,94.367,94.390,94.367,94.382,94.397,94.374,HIGHやで～
20150501163700,94.383,94.415,94.383,94.409,94.422,94.390,HIGHやで～
20150501163800,94.410,94.415,94.393,94.394,94.422,94.400,LOWやで～
20150501163900,94.394,94.414,94.394,94.398,94.421,94.401,HIGHやで～
20150501164000,94.398,94.445,94.398,94.441,94.452,94.405,HIGHやで～
20150501164100,94.441,94.451,94.429,94.446,94.458,94.436,HIGHやで～
20150501164200,94.446,94.457,94.432,94.441,94.464,94.439,LOWやで～
20150501164300,94.444,94.447,94.426,94.443,94.454,94.433,LOWやで～
20150501164400,94.442,94.449,94.411,94.412,94.456,94.418,LOWやで～
20150501164500,94.413,94.435,94.409,94.430,94.442,94.416,HIGHやで～
20150501164600,94.431,94.435,94.421,94.427,94.442,94.428,LOWやで～
20150501164700,94.427,94.427,94.405,94.422,94.434,94.412,LOWやで～
20150501164800,94.422,94.424,94.404,94.404,94.431,94.411,LOWやで～
20150501164900,94.404,94.424,94.400,94.419,94.431,94.407,HIGHやで～
20150501165000,94.419,94.419,94.400,94.403,94.426,94.407,LOWやで～
20150501165100,94.403,94.430,94.396,94.427,94.437,94.403,HIGHやで～
20150501165200,94.420,94.433,94.414,94.432,94.440,94.421,HIGHやで～
20150501165300,94.433,94.481,94.432,94.453,94.488,94.439,HIGHやで～
20150501165400,94.453,94.481,94.453,94.470,94.488,94.460,HIGHやで～
20150501165500,94.472,94.476,94.435,94.436,94.483,94.442,LOWやで～
20150501165600,94.438,94.445,94.430,94.434,94.452,94.437,LOWやで～
20150501165700,94.434,94.449,94.424,94.446,94.456,94.431,HIGHやで～
20150501165800,94.447,94.455,94.431,94.447,94.462,94.438,LOWやで～
20150501165900,94.448,94.451,94.434,94.448,94.458,94.441,LOWやで～
20150501170000,94.448,94.517,94.448,94.514,94.524,94.455,HIGHやで～
20150501170100,94.514,94.518,94.493,94.507,94.525,94.500,LOWやで～
20150501170200,94.507,94.512,94.495,94.508,94.519,94.502,HIGHやで～
20150501170300,94.508,94.542,94.508,94.533,94.549,94.515,HIGHやで～
20150501170400,94.531,94.549,94.520,94.537,94.556,94.527,HIGHやで～
20150501170500,94.536,94.537,94.523,94.524,94.544,94.530,LOWやで～
20150501170600,94.524,94.524,94.489,94.489,94.531,94.496,LOWやで～
20150501170700,94.489,94.528,94.488,94.523,94.535,94.495,HIGHやで～
20150501170800,94.522,94.525,94.490,94.493,94.532,94.497,LOWやで～
20150501170900,94.493,94.500,94.493,94.496,94.507,94.500,HIGHやで～
20150501171000,94.495,94.500,94.484,94.488,94.507,94.491,LOWやで～
20150501171100,94.489,94.508,94.478,94.508,94.515,94.485,HIGHやで～
20150501171200,94.508,94.508,94.482,94.482,94.515,94.489,LOWやで～
20150501171300,94.482,94.493,94.466,94.467,94.500,94.473,LOWやで～
20150501171400,94.467,94.481,94.463,94.471,94.488,94.470,HIGHやで～
20150501171500,94.470,94.487,94.465,94.483,94.494,94.472,HIGHやで～
20150501171600,94.483,94.507,94.482,94.507,94.514,94.489,HIGHやで～
20150501171700,94.507,94.508,94.454,94.456,94.515,94.461,LOWやで～
20150501171800,94.457,94.459,94.447,94.453,94.466,94.454,LOWやで～
20150501171900,94.453,94.461,94.433,94.439,94.468,94.440,LOWやで～
20150501172000,94.440,94.441,94.405,94.423,94.448,94.412,LOWやで～
20150501172100,94.424,94.424,94.413,94.421,94.431,94.420,LOWやで～
20150501172200,94.423,94.433,94.420,94.425,94.440,94.427,HIGHやで～
20150501172300,94.422,94.440,94.417,94.433,94.447,94.424,HIGHやで～
20150501172400,94.433,94.446,94.428,94.443,94.453,94.435,HIGHやで～
20150501172500,94.443,94.478,94.440,94.478,94.485,94.447,HIGHやで～
20150501172600,94.477,94.477,94.463,94.474,94.484,94.470,LOWやで～
20150501172700,94.474,94.474,94.403,94.406,94.481,94.410,LOWやで～
20150501172800,94.406,94.412,94.383,94.389,94.419,94.390,LOWやで～
20150501172900,94.388,94.404,94.382,94.387,94.411,94.389,LOWやで～
20150501173000,94.387,94.401,94.381,94.393,94.408,94.388,HIGHやで～
20150501173100,94.393,94.417,94.383,94.404,94.424,94.390,HIGHやで～
20150501173200,94.405,94.440,94.404,94.440,94.447,94.411,HIGHやで～
20150501173300,94.440,94.459,94.432,94.448,94.466,94.439,HIGHやで～
20150501173400,94.447,94.465,94.445,94.464,94.472,94.452,HIGHやで～
20150501173500,94.465,94.498,94.465,94.490,94.505,94.472,HIGHやで～
20150501173600,94.491,94.500,94.471,94.500,94.507,94.478,HIGHやで～
20150501173700,94.500,94.515,94.500,94.507,94.522,94.507,HIGHやで～
20150501173800,94.506,94.531,94.502,94.529,94.538,94.509,HIGHやで～
20150501173900,94.529,94.531,94.514,94.525,94.538,94.521,LOWやで～
20150501174000,94.525,94.525,94.506,94.511,94.532,94.513,LOWやで～
20150501174100,94.511,94.514,94.497,94.513,94.521,94.504,HIGHやで～
20150501174200,94.513,94.544,94.508,94.508,94.551,94.515,LOWやで～
20150501174300,94.511,94.518,94.509,94.514,94.525,94.516,HIGHやで～
20150501174400,94.514,94.536,94.507,94.529,94.543,94.514,HIGHやで～
20150501174500,94.531,94.537,94.511,94.511,94.544,94.518,LOWやで～
20150501174600,94.511,94.512,94.496,94.498,94.519,94.503,LOWやで～
20150501174700,94.499,94.518,94.490,94.518,94.525,94.497,HIGHやで～
20150501174800,94.518,94.524,94.512,94.512,94.531,94.519,LOWやで～
20150501174900,94.512,94.524,94.511,94.521,94.531,94.518,HIGHやで～
20150501175000,94.523,94.542,94.520,94.531,94.549,94.527,HIGHやで～
20150501175100,94.531,94.543,94.531,94.540,94.550,94.538,HIGHやで～
20150501175200,94.540,94.540,94.504,94.521,94.547,94.511,LOWやで～
20150501175300,94.521,94.546,94.513,94.541,94.553,94.520,HIGHやで～
20150501175400,94.541,94.550,94.526,94.539,94.557,94.533,LOWやで～
20150501175500,94.540,94.547,94.535,94.543,94.554,94.542,HIGHやで～
20150501175600,94.544,94.564,94.542,94.547,94.571,94.549,HIGHやで～
20150501175700,94.547,94.549,94.529,94.529,94.556,94.536,LOWやで～
20150501175800,94.529,94.531,94.513,94.520,94.538,94.520,LOWやで～
20150501175900,94.520,94.529,94.483,94.487,94.536,94.490,LOWやで～
20150501180000,94.490,94.507,94.489,94.489,94.514,94.496,LOWやで～
20150501180100,94.489,94.489,94.465,94.467,94.496,94.472,LOWやで～
20150501180200,94.467,94.483,94.465,94.478,94.490,94.472,HIGHやで～
20150501180300,94.478,94.496,94.475,94.494,94.503,94.482,HIGHやで～
20150501180400,94.494,94.502,94.472,94.489,94.509,94.479,LOWやで～
20150501180500,94.489,94.489,94.471,94.478,94.496,94.478,LOWやで～
20150501180600,94.478,94.479,94.454,94.466,94.486,94.461,LOWやで～
20150501180700,94.467,94.478,94.464,94.478,94.485,94.471,HIGHやで～
20150501180800,94.478,94.496,94.477,94.495,94.503,94.484,HIGHやで～
20150501180900,94.495,94.508,94.490,94.507,94.515,94.497,HIGHやで～
20150501181000,94.507,94.523,94.506,94.521,94.530,94.513,HIGHやで～
20150501181100,94.521,94.522,94.501,94.507,94.529,94.508,LOWやで～
20150501181200,94.507,94.514,94.495,94.510,94.521,94.502,HIGHやで～
20150501181300,94.510,94.525,94.505,94.517,94.532,94.512,HIGHやで～
20150501181400,94.519,94.548,94.519,94.548,94.555,94.526,HIGHやで～
20150501181500,94.549,94.552,94.519,94.528,94.559,94.526,LOWやで～
20150501181600,94.528,94.563,94.528,94.560,94.570,94.535,HIGHやで～
20150501181700,94.559,94.579,94.548,94.579,94.586,94.555,HIGHやで～
20150501181800,94.576,94.576,94.554,94.564,94.583,94.561,LOWやで～
20150501181900,94.565,94.572,94.541,94.554,94.579,94.548,LOWやで～
20150501182000,94.552,94.573,94.545,94.560,94.580,94.552,HIGHやで～
20150501182100,94.560,94.563,94.541,94.550,94.570,94.548,LOWやで～
20150501182200,94.549,94.564,94.542,94.564,94.571,94.549,HIGHやで～
20150501182300,94.564,94.564,94.537,94.537,94.571,94.544,LOWやで～
20150501182400,94.536,94.546,94.520,94.520,94.553,94.527,LOWやで～
20150501182500,94.518,94.522,94.496,94.499,94.529,94.503,LOWやで～
20150501182600,94.499,94.513,94.491,94.507,94.520,94.498,HIGHやで～
20150501182700,94.508,94.526,94.505,94.506,94.533,94.512,LOWやで～
20150501182800,94.506,94.532,94.506,94.520,94.539,94.513,HIGHやで～
20150501182900,94.519,94.539,94.519,94.536,94.546,94.526,HIGHやで～
20150501183000,94.535,94.535,94.497,94.504,94.542,94.504,LOWやで～
20150501183100,94.505,94.508,94.485,94.492,94.515,94.492,LOWやで～
20150501183200,94.492,94.505,94.486,94.487,94.512,94.493,LOWやで～
20150501183300,94.487,94.504,94.484,94.504,94.511,94.491,HIGHやで～
20150501183400,94.504,94.516,94.415,94.418,94.523,94.422,LOWやで～
20150501183500,94.418,94.430,94.401,94.415,94.437,94.408,LOWやで～
20150501183600,94.415,94.443,94.413,94.439,94.450,94.420,HIGHやで～
20150501183700,94.438,94.447,94.420,94.440,94.454,94.427,HIGHやで～
20150501183800,94.440,94.440,94.401,94.402,94.447,94.408,LOWやで～
20150501183900,94.401,94.413,94.389,94.406,94.420,94.396,HIGHやで～
20150501184000,94.407,94.409,94.400,94.404,94.416,94.407,LOWやで～
20150501184100,94.404,94.404,94.400,94.402,94.411,94.407,LOWやで～
20150501184200,94.403,94.406,94.383,94.406,94.413,94.390,HIGHやで～
20150501184300,94.406,94.424,94.397,94.421,94.431,94.404,HIGHやで～
20150501184400,94.421,94.440,94.409,94.431,94.447,94.416,HIGHやで～
20150501184500,94.430,94.436,94.408,94.419,94.443,94.415,LOWやで～
20150501184600,94.419,94.430,94.407,94.407,94.437,94.414,LOWやで～
20150501184700,94.405,94.417,94.402,94.403,94.424,94.409,LOWやで～
20150501184800,94.405,94.405,94.374,94.383,94.412,94.381,LOWやで～
20150501184900,94.381,94.402,94.379,94.401,94.409,94.386,HIGHやで～
20150501185000,94.401,94.420,94.396,94.414,94.427,94.403,HIGHやで～
20150501185100,94.414,94.414,94.382,94.397,94.421,94.389,LOWやで～
20150501185200,94.397,94.418,94.397,94.413,94.425,94.404,HIGHやで～
20150501185300,94.413,94.418,94.401,94.404,94.425,94.408,LOWやで～
20150501185400,94.404,94.405,94.390,94.391,94.412,94.397,LOWやで～
20150501185500,94.391,94.391,94.355,94.362,94.398,94.362,LOWやで～
20150501185600,94.362,94.383,94.353,94.383,94.390,94.360,HIGHやで～
20150501185700,94.383,94.395,94.381,94.385,94.402,94.388,HIGHやで～
20150501185800,94.385,94.390,94.379,94.384,94.397,94.386,LOWやで～
20150501185900,94.386,94.389,94.343,94.346,94.396,94.350,LOWやで～
20150501190000,94.345,94.361,94.337,94.355,94.368,94.344,HIGHやで～
20150501190100,94.355,94.384,94.355,94.384,94.391,94.362,HIGHやで～
20150501190200,94.384,94.387,94.373,94.380,94.394,94.380,LOWやで～
20150501190300,94.379,94.398,94.379,94.395,94.405,94.386,HIGHやで～
20150501190400,94.392,94.402,94.369,94.383,94.409,94.376,LOWやで～
20150501190500,94.383,94.389,94.366,94.366,94.396,94.373,LOWやで～
20150501190600,94.366,94.368,94.357,94.359,94.375,94.364,LOWやで～
20150501190700,94.359,94.365,94.349,94.355,94.372,94.356,LOWやで～
20150501190800,94.356,94.370,94.350,94.367,94.377,94.357,HIGHやで～
20150501190900,94.366,94.375,94.364,94.364,94.382,94.371,LOWやで～
20150501191000,94.364,94.365,94.346,94.357,94.372,94.353,LOWやで～
20150501191100,94.357,94.357,94.337,94.355,94.364,94.344,LOWやで～
20150501191200,94.355,94.376,94.353,94.368,94.383,94.360,HIGHやで～
20150501191300,94.367,94.369,94.356,94.362,94.376,94.363,LOWやで～
20150501191400,94.362,94.364,94.331,94.347,94.371,94.338,LOWやで～
20150501191500,94.347,94.350,94.340,94.350,94.357,94.347,HIGHやで～
20150501191600,94.351,94.354,94.334,94.342,94.361,94.341,LOWやで～
20150501191700,94.345,94.360,94.337,94.347,94.367,94.344,HIGHやで～
20150501191800,94.347,94.360,94.340,94.351,94.367,94.347,HIGHやで～
20150501191900,94.352,94.353,94.295,94.296,94.360,94.302,LOWやで～
20150501192000,94.297,94.306,94.293,94.303,94.313,94.300,HIGHやで～
20150501192100,94.301,94.302,94.288,94.293,94.309,94.295,LOWやで～
20150501192200,94.293,94.298,94.291,94.297,94.305,94.298,HIGHやで～
20150501192300,94.293,94.304,94.282,94.302,94.311,94.289,HIGHやで～
20150501192400,94.302,94.320,94.295,94.320,94.327,94.302,HIGHやで～
20150501192500,94.320,94.320,94.298,94.306,94.327,94.305,LOWやで～
20150501192600,94.306,94.348,94.306,94.339,94.355,94.313,HIGHやで～
20150501192700,94.339,94.357,94.334,94.347,94.364,94.341,HIGHやで～
20150501192800,94.344,94.346,94.324,94.324,94.353,94.331,LOWやで～
20150501192900,94.324,94.336,94.322,94.325,94.343,94.329,HIGHやで～
20150501193000,94.325,94.337,94.324,94.333,94.344,94.331,HIGHやで～
20150501193100,94.333,94.349,94.333,94.346,94.356,94.340,HIGHやで～
20150501193200,94.347,94.353,94.331,94.331,94.360,94.338,LOWやで～
20150501193300,94.329,94.348,94.325,94.337,94.355,94.332,HIGHやで～
20150501193400,94.338,94.345,94.318,94.324,94.352,94.325,LOWやで～
20150501193500,94.325,94.339,94.316,94.317,94.346,94.323,LOWやで～
20150501193600,94.320,94.330,94.306,94.330,94.337,94.313,HIGHやで～
20150501193700,94.330,94.331,94.322,94.326,94.338,94.329,LOWやで～
20150501193800,94.326,94.333,94.323,94.332,94.340,94.330,HIGHやで～
20150501193900,94.333,94.335,94.304,94.306,94.342,94.311,LOWやで～
20150501194000,94.306,94.339,94.306,94.337,94.346,94.313,HIGHやで～
20150501194100,94.338,94.383,94.336,94.370,94.390,94.343,HIGHやで～
20150501194200,94.371,94.404,94.356,94.394,94.411,94.363,HIGHやで～
20150501194300,94.395,94.429,94.389,94.408,94.436,94.396,HIGHやで～
20150501194400,94.409,94.419,94.402,94.409,94.426,94.409,LOWやで～
20150501194500,94.410,94.413,94.389,94.393,94.420,94.396,LOWやで～
20150501194600,94.393,94.401,94.391,94.393,94.408,94.398,LOWやで～
20150501194700,94.393,94.420,94.392,94.416,94.427,94.399,HIGHやで～
20150501194800,94.416,94.428,94.416,94.426,94.435,94.423,HIGHやで～
20150501194900,94.426,94.440,94.420,94.440,94.447,94.427,HIGHやで～
20150501195000,94.440,94.450,94.422,94.422,94.457,94.429,LOWやで～
20150501195100,94.422,94.435,94.419,94.434,94.442,94.426,HIGHやで～
20150501195200,94.434,94.460,94.432,94.458,94.467,94.439,HIGHやで～
20150501195300,94.458,94.472,94.455,94.466,94.479,94.462,HIGHやで～
20150501195400,94.466,94.474,94.451,94.460,94.481,94.458,LOWやで～
20150501195500,94.460,94.485,94.460,94.471,94.492,94.467,HIGHやで～
20150501195600,94.471,94.474,94.469,94.471,94.481,94.476,LOWやで～
20150501195700,94.471,94.473,94.461,94.464,94.480,94.468,LOWやで～
20150501195800,94.464,94.481,94.459,94.472,94.488,94.466,HIGHやで～
20150501195900,94.472,94.511,94.472,94.506,94.518,94.479,HIGHやで～
20150501200000,94.507,94.510,94.497,94.499,94.517,94.504,LOWやで～
20150501200100,94.499,94.516,94.486,94.516,94.523,94.493,HIGHやで～
20150501200200,94.515,94.519,94.503,94.509,94.526,94.510,LOWやで～
20150501200300,94.510,94.520,94.491,94.510,94.527,94.498,LOWやで～
20150501200400,94.512,94.530,94.512,94.520,94.537,94.519,HIGHやで～
20150501200500,94.520,94.521,94.502,94.502,94.528,94.509,LOWやで～
20150501200600,94.501,94.516,94.494,94.516,94.523,94.501,HIGHやで～
20150501200700,94.516,94.521,94.508,94.508,94.528,94.515,LOWやで～
20150501200800,94.508,94.519,94.508,94.513,94.526,94.515,HIGHやで～
20150501200900,94.513,94.522,94.506,94.507,94.529,94.513,LOWやで～
20150501201000,94.507,94.511,94.499,94.500,94.518,94.506,LOWやで～
20150501201100,94.500,94.502,94.483,94.484,94.509,94.490,LOWやで～
20150501201200,94.484,94.492,94.479,94.490,94.499,94.486,HIGHやで～
20150501201300,94.494,94.530,94.484,94.529,94.537,94.491,HIGHやで～
20150501201400,94.529,94.545,94.518,94.519,94.552,94.525,LOWやで～
20150501201500,94.520,94.525,94.512,94.517,94.532,94.519,LOWやで～
20150501201600,94.516,94.520,94.503,94.505,94.527,94.510,LOWやで～
20150501201700,94.504,94.512,94.495,94.499,94.519,94.502,LOWやで～
20150501201800,94.499,94.512,94.492,94.511,94.519,94.499,HIGHやで～
20150501201900,94.512,94.512,94.490,94.500,94.519,94.497,LOWやで～
20150501202000,94.501,94.505,94.481,94.484,94.512,94.488,LOWやで～
20150501202100,94.484,94.499,94.484,94.493,94.506,94.491,HIGHやで～
20150501202200,94.492,94.498,94.483,94.485,94.505,94.490,LOWやで～
20150501202300,94.486,94.486,94.466,94.467,94.493,94.473,LOWやで～
20150501202400,94.468,94.471,94.451,94.456,94.478,94.458,LOWやで～
20150501202500,94.456,94.464,94.452,94.457,94.471,94.459,HIGHやで～
20150501202600,94.457,94.469,94.457,94.462,94.476,94.464,HIGHやで～
20150501202700,94.462,94.472,94.455,94.470,94.479,94.462,HIGHやで～
20150501202800,94.470,94.471,94.445,94.447,94.478,94.452,LOWやで～
20150501202900,94.448,94.454,94.441,94.454,94.461,94.448,HIGHやで～
20150501203000,94.454,94.478,94.454,94.477,94.485,94.461,HIGHやで～
20150501203100,94.477,94.491,94.467,94.471,94.498,94.474,LOWやで～
20150501203200,94.471,94.471,94.455,94.457,94.478,94.462,LOWやで～
20150501203300,94.458,94.460,94.441,94.443,94.467,94.448,LOWやで～
20150501203400,94.442,94.462,94.440,94.451,94.469,94.447,HIGHやで～
20150501203500,94.451,94.451,94.430,94.431,94.458,94.437,LOWやで～
20150501203600,94.431,94.446,94.430,94.440,94.453,94.437,HIGHやで～
20150501203700,94.438,94.449,94.438,94.449,94.456,94.445,HIGHやで～
20150501203800,94.449,94.461,94.446,94.456,94.468,94.453,HIGHやで～
20150501203900,94.456,94.456,94.428,94.429,94.463,94.435,LOWやで～
20150501204000,94.429,94.440,94.415,94.420,94.447,94.422,LOWやで～
20150501204100,94.421,94.422,94.362,94.363,94.429,94.369,LOWやで～
20150501204200,94.364,94.385,94.364,94.384,94.392,94.371,HIGHやで～
20150501204300,94.384,94.395,94.377,94.388,94.402,94.384,HIGHやで～
20150501204400,94.389,94.405,94.385,94.393,94.412,94.392,HIGHやで～
20150501204500,94.392,94.393,94.363,94.368,94.400,94.370,LOWやで～
20150501204600,94.368,94.379,94.358,94.375,94.386,94.365,HIGHやで～
20150501204700,94.375,94.377,94.363,94.369,94.384,94.370,LOWやで～
20150501204800,94.369,94.376,94.356,94.359,94.383,94.363,LOWやで～
20150501204900,94.359,94.359,94.335,94.345,94.366,94.342,LOWやで～
20150501205000,94.345,94.354,94.335,94.340,94.361,94.342,LOWやで～
20150501205100,94.340,94.349,94.306,94.306,94.356,94.313,LOWやで～
20150501205200,94.305,94.315,94.299,94.313,94.322,94.306,HIGHやで～
20150501205300,94.314,94.332,94.306,94.329,94.339,94.313,HIGHやで～
20150501205400,94.329,94.348,94.327,94.337,94.355,94.334,HIGHやで～
20150501205500,94.337,94.337,94.319,94.320,94.344,94.326,LOWやで～
20150501205600,94.320,94.325,94.318,94.322,94.332,94.325,HIGHやで～
20150501205700,94.322,94.339,94.319,94.336,94.346,94.326,HIGHやで～
20150501205800,94.336,94.338,94.332,94.337,94.345,94.339,HIGHやで～
20150501205900,94.336,94.336,94.282,94.292,94.343,94.289,LOWやで～
20150501210000,94.292,94.294,94.284,94.286,94.301,94.291,LOWやで～
20150501210100,94.286,94.293,94.271,94.278,94.300,94.278,LOWやで～
20150501210200,94.280,94.280,94.250,94.266,94.287,94.257,LOWやで～
20150501210300,94.267,94.271,94.258,94.258,94.278,94.265,LOWやで～
20150501210400,94.258,94.263,94.252,94.253,94.270,94.259,LOWやで～
20150501210500,94.253,94.274,94.247,94.273,94.281,94.254,HIGHやで～
20150501210600,94.276,94.294,94.258,94.266,94.301,94.265,LOWやで～
20150501210700,94.263,94.263,94.239,94.260,94.270,94.246,LOWやで～
20150501210800,94.259,94.269,94.250,94.265,94.276,94.257,HIGHやで～
20150501210900,94.265,94.271,94.265,94.269,94.278,94.272,HIGHやで～
20150501211000,94.268,94.304,94.265,94.294,94.311,94.272,HIGHやで～
20150501211100,94.294,94.294,94.253,94.263,94.301,94.260,LOWやで～
20150501211200,94.263,94.264,94.250,94.254,94.271,94.257,LOWやで～
20150501211300,94.255,94.256,94.230,94.241,94.263,94.237,LOWやで～
20150501211400,94.241,94.258,94.241,94.258,94.265,94.248,HIGHやで～
20150501211500,94.259,94.314,94.258,94.313,94.321,94.265,HIGHやで～
20150501211600,94.318,94.340,94.317,94.330,94.347,94.324,HIGHやで～
20150501211700,94.331,94.347,94.328,94.346,94.354,94.335,HIGHやで～
20150501211800,94.346,94.366,94.328,94.365,94.373,94.335,HIGHやで～
20150501211900,94.366,94.378,94.356,94.377,94.385,94.363,HIGHやで～
20150501212000,94.374,94.401,94.366,94.379,94.408,94.373,HIGHやで～
20150501212100,94.379,94.382,94.357,94.360,94.389,94.364,LOWやで～
20150501212200,94.357,94.357,94.345,94.348,94.364,94.352,LOWやで～
20150501212300,94.350,94.356,94.317,94.320,94.363,94.324,LOWやで～
20150501212400,94.320,94.338,94.308,94.310,94.345,94.315,LOWやで～
20150501212500,94.314,94.334,94.308,94.310,94.341,94.315,LOWやで～
20150501212600,94.310,94.315,94.285,94.289,94.322,94.292,LOWやで～
20150501212700,94.284,94.301,94.282,94.296,94.308,94.289,HIGHやで～
20150501212800,94.292,94.300,94.282,94.293,94.307,94.289,HIGHやで～
20150501212900,94.299,94.312,94.278,94.293,94.319,94.285,LOWやで～
20150501213000,94.293,94.302,94.268,94.279,94.309,94.275,LOWやで～
20150501213100,94.279,94.290,94.266,94.268,94.297,94.273,LOWやで～
20150501213200,94.266,94.288,94.257,94.274,94.295,94.264,HIGHやで～
20150501213300,94.273,94.285,94.248,94.252,94.292,94.255,LOWやで～
20150501213400,94.251,94.268,94.244,94.254,94.275,94.251,HIGHやで～
20150501213500,94.255,94.259,94.169,94.182,94.266,94.176,LOWやで～
20150501213600,94.184,94.184,94.147,94.154,94.191,94.154,LOWやで～
20150501213700,94.157,94.180,94.147,94.153,94.187,94.154,LOWやで～
20150501213800,94.153,94.155,94.120,94.147,94.162,94.127,LOWやで～
20150501213900,94.148,94.148,94.077,94.115,94.155,94.084,LOWやで～
20150501214000,94.115,94.177,94.115,94.170,94.184,94.122,HIGHやで～
20150501214100,94.170,94.175,94.151,94.160,94.182,94.158,LOWやで～
20150501214200,94.160,94.171,94.116,94.116,94.178,94.123,LOWやで～
20150501214300,94.117,94.139,94.117,94.133,94.146,94.124,HIGHやで～
20150501214400,94.133,94.167,94.127,94.164,94.174,94.134,HIGHやで～
20150501214500,94.166,94.205,94.149,94.192,94.212,94.156,HIGHやで～
20150501214600,94.192,94.192,94.120,94.126,94.199,94.127,LOWやで～
20150501214700,94.125,94.182,94.119,94.179,94.189,94.126,HIGHやで～
20150501214800,94.178,94.210,94.167,94.194,94.217,94.174,HIGHやで～
20150501214900,94.193,94.214,94.186,94.211,94.221,94.193,HIGHやで～
20150501215000,94.210,94.211,94.192,94.208,94.218,94.199,LOWやで～
20150501215100,94.209,94.233,94.209,94.230,94.240,94.216,HIGHやで～
20150501215200,94.229,94.260,94.226,94.248,94.267,94.233,HIGHやで～
20150501215300,94.246,94.246,94.228,94.240,94.253,94.235,LOWやで～
20150501215400,94.239,94.255,94.230,94.253,94.262,94.237,HIGHやで～
20150501215500,94.252,94.268,94.250,94.253,94.275,94.257,HIGHやで～
20150501215600,94.253,94.258,94.238,94.256,94.265,94.245,HIGHやで～
20150501215700,94.256,94.263,94.237,94.237,94.270,94.244,LOWやで～
20150501215800,94.237,94.262,94.235,94.245,94.269,94.242,HIGHやで～
20150501215900,94.245,94.245,94.202,94.212,94.252,94.209,LOWやで～
20150501220000,94.213,94.223,94.190,94.206,94.230,94.197,LOWやで～
20150501220100,94.205,94.211,94.183,94.183,94.218,94.190,LOWやで～
20150501220200,94.182,94.214,94.181,94.207,94.221,94.188,HIGHやで～
20150501220300,94.206,94.228,94.206,94.227,94.235,94.213,HIGHやで～
20150501220400,94.227,94.236,94.209,94.222,94.243,94.216,LOWやで～
20150501220500,94.221,94.234,94.217,94.230,94.241,94.224,HIGHやで～
20150501220600,94.230,94.249,94.230,94.241,94.256,94.237,HIGHやで～
20150501220700,94.244,94.270,94.234,94.269,94.277,94.241,HIGHやで～
20150501220800,94.268,94.275,94.263,94.273,94.282,94.270,HIGHやで～
20150501220900,94.273,94.277,94.261,94.273,94.284,94.268,LOWやで～
20150501221000,94.273,94.300,94.270,94.284,94.307,94.277,HIGHやで～
20150501221100,94.283,94.295,94.275,94.287,94.302,94.282,HIGHやで～
20150501221200,94.287,94.287,94.262,94.278,94.294,94.269,LOWやで～
20150501221300,94.277,94.284,94.259,94.273,94.291,94.266,LOWやで～
20150501221400,94.273,94.292,94.270,94.285,94.299,94.277,HIGHやで～
20150501221500,94.284,94.287,94.264,94.271,94.294,94.271,LOWやで～
20150501221600,94.271,94.288,94.265,94.266,94.295,94.272,LOWやで～
20150501221700,94.266,94.276,94.259,94.270,94.283,94.266,HIGHやで～
20150501221800,94.270,94.270,94.247,94.252,94.277,94.254,LOWやで～
20150501221900,94.253,94.275,94.238,94.270,94.282,94.245,HIGHやで～
20150501222000,94.274,94.278,94.265,94.273,94.285,94.272,LOWやで～
20150501222100,94.279,94.288,94.274,94.277,94.295,94.281,LOWやで～
20150501222200,94.277,94.281,94.265,94.272,94.288,94.272,LOWやで～
20150501222300,94.275,94.287,94.266,94.287,94.294,94.273,HIGHやで～
20150501222400,94.290,94.309,94.284,94.305,94.316,94.291,HIGHやで～
20150501222500,94.306,94.330,94.306,94.326,94.337,94.313,HIGHやで～
20150501222600,94.325,94.332,94.320,94.324,94.339,94.327,LOWやで～
20150501222700,94.323,94.327,94.297,94.316,94.334,94.304,LOWやで～
20150501222800,94.316,94.322,94.305,94.322,94.329,94.312,HIGHやで～
20150501222900,94.322,94.333,94.314,94.328,94.340,94.321,HIGHやで～
20150501223000,94.328,94.355,94.324,94.355,94.362,94.331,HIGHやで～
20150501223100,94.357,94.370,94.350,94.364,94.377,94.357,HIGHやで～
20150501223200,94.364,94.370,94.346,94.348,94.377,94.353,LOWやで～
20150501223300,94.347,94.347,94.313,94.330,94.354,94.320,LOWやで～
20150501223400,94.329,94.336,94.322,94.326,94.343,94.329,LOWやで～
20150501223500,94.331,94.334,94.319,94.327,94.341,94.326,LOWやで～
20150501223600,94.327,94.328,94.310,94.328,94.335,94.317,HIGHやで～
20150501223700,94.328,94.334,94.314,94.314,94.341,94.321,LOWやで～
20150501223800,94.313,94.316,94.299,94.314,94.323,94.306,HIGHやで～
20150501223900,94.312,94.332,94.305,94.331,94.339,94.312,HIGHやで～
20150501224000,94.331,94.335,94.303,94.305,94.342,94.310,LOWやで～
20150501224100,94.304,94.312,94.290,94.297,94.319,94.297,LOWやで～
20150501224200,94.296,94.298,94.285,94.290,94.305,94.292,LOWやで～
20150501224300,94.290,94.303,94.289,94.292,94.310,94.296,HIGHやで～
20150501224400,94.292,94.318,94.292,94.315,94.325,94.299,HIGHやで～
20150501224500,94.315,94.322,94.293,94.296,94.329,94.300,LOWやで～
20150501224600,94.290,94.298,94.271,94.286,94.305,94.278,LOWやで～
20150501224700,94.287,94.300,94.275,94.281,94.307,94.282,LOWやで～
20150501224800,94.282,94.297,94.282,94.285,94.304,94.289,HIGHやで～
20150501224900,94.287,94.290,94.279,94.283,94.297,94.286,LOWやで～
20150501225000,94.283,94.290,94.265,94.266,94.297,94.272,LOWやで～
20150501225100,94.266,94.267,94.215,94.221,94.274,94.222,LOWやで～
20150501225200,94.220,94.233,94.209,94.227,94.240,94.216,HIGHやで～
20150501225300,94.226,94.233,94.209,94.231,94.240,94.216,HIGHやで～
20150501225400,94.233,94.251,94.231,94.240,94.258,94.238,HIGHやで～
20150501225500,94.238,94.270,94.234,94.250,94.277,94.241,HIGHやで～
20150501225600,94.250,94.289,94.250,94.284,94.296,94.257,HIGHやで～
20150501225700,94.284,94.301,94.272,94.301,94.308,94.279,HIGHやで～
20150501225800,94.299,94.302,94.260,94.271,94.309,94.267,LOWやで～
20150501225900,94.273,94.292,94.098,94.105,94.301,94.155,LOWやで～
20150501230000,94.105,94.305,94.098,94.239,94.348,94.228,HIGHやで～
20150501230100,94.241,94.297,94.204,94.242,94.304,94.211,HIGHやで～
20150501230200,94.239,94.239,94.121,94.147,94.246,94.128,LOWやで～
20150501230300,94.147,94.223,94.134,94.218,94.230,94.141,HIGHやで～
20150501230400,94.219,94.219,94.068,94.068,94.226,94.075,LOWやで～
20150501230500,94.067,94.161,94.064,94.129,94.168,94.071,HIGHやで～
20150501230600,94.134,94.153,94.097,94.102,94.160,94.104,LOWやで～
20150501230700,94.102,94.141,94.097,94.121,94.148,94.104,HIGHやで～
20150501230800,94.121,94.135,94.087,94.104,94.142,94.094,LOWやで～
20150501230900,94.105,94.110,94.029,94.075,94.117,94.036,LOWやで～
20150501231000,94.074,94.084,94.043,94.076,94.091,94.050,HIGHやで～
20150501231100,94.076,94.111,94.072,94.107,94.118,94.079,HIGHやで～
20150501231200,94.102,94.132,94.084,94.124,94.139,94.091,HIGHやで～
20150501231300,94.128,94.129,94.089,94.092,94.136,94.096,LOWやで～
20150501231400,94.093,94.125,94.093,94.100,94.132,94.100,HIGHやで～
20150501231500,94.099,94.101,94.068,94.072,94.108,94.075,LOWやで～
20150501231600,94.070,94.072,94.030,94.054,94.079,94.037,LOWやで～
20150501231700,94.056,94.077,94.036,94.065,94.084,94.043,HIGHやで～
20150501231800,94.063,94.071,94.041,94.065,94.078,94.048,HIGHやで～
20150501231900,94.063,94.080,94.042,94.057,94.087,94.049,LOWやで～
20150501232000,94.057,94.075,94.041,94.072,94.082,94.048,HIGHやで～
20150501232100,94.073,94.077,94.027,94.027,94.084,94.034,LOWやで～
20150501232200,94.029,94.046,94.000,94.043,94.053,94.007,HIGHやで～
20150501232300,94.043,94.095,94.043,94.089,94.102,94.050,HIGHやで～
20150501232400,94.088,94.096,94.064,94.084,94.103,94.071,LOWやで～
20150501232500,94.084,94.127,94.081,94.122,94.134,94.088,HIGHやで～
20150501232600,94.123,94.125,94.096,94.117,94.132,94.103,LOWやで～
20150501232700,94.116,94.116,94.076,94.098,94.123,94.083,LOWやで～
20150501232800,94.099,94.102,94.044,94.066,94.109,94.051,LOWやで～
20150501232900,94.067,94.084,94.028,94.028,94.091,94.035,LOWやで～
20150501233000,94.028,94.076,94.027,94.067,94.083,94.034,HIGHやで～
20150501233100,94.068,94.068,94.015,94.027,94.075,94.022,LOWやで～
20150501233200,94.034,94.054,93.999,94.054,94.061,94.006,HIGHやで～
20150501233300,94.055,94.056,94.020,94.049,94.063,94.027,LOWやで～
20150501233400,94.045,94.069,94.031,94.040,94.076,94.038,LOWやで～
20150501233500,94.041,94.094,94.036,94.069,94.101,94.043,HIGHやで～
20150501233600,94.070,94.089,94.003,94.013,94.096,94.010,LOWやで～
20150501233700,94.012,94.047,93.999,94.032,94.054,94.006,HIGHやで～
20150501233800,94.032,94.036,94.007,94.036,94.043,94.014,HIGHやで～
20150501233900,94.035,94.053,94.013,94.021,94.060,94.020,LOWやで～
20150501234000,94.022,94.039,94.018,94.030,94.046,94.025,HIGHやで～
20150501234100,94.030,94.039,94.014,94.026,94.046,94.021,LOWやで～
20150501234200,94.026,94.054,94.023,94.046,94.061,94.030,HIGHやで～
20150501234300,94.047,94.060,94.035,94.035,94.067,94.042,LOWやで～
20150501234400,94.031,94.046,94.011,94.017,94.053,94.018,LOWやで～
20150501234500,94.018,94.026,93.990,93.991,94.033,93.997,LOWやで～
20150501234600,93.994,94.048,93.994,94.047,94.055,94.001,HIGHやで～
20150501234700,94.048,94.058,94.024,94.029,94.065,94.031,LOWやで～
20150501234800,94.029,94.055,94.017,94.041,94.062,94.024,HIGHやで～
20150501234900,94.042,94.044,94.001,94.006,94.051,94.008,LOWやで～
20150501235000,94.009,94.022,93.994,94.002,94.029,94.001,LOWやで～
20150501235100,94.003,94.025,93.971,94.020,94.032,93.978,HIGHやで～
20150501235200,94.021,94.034,94.011,94.022,94.041,94.018,HIGHやで～
20150501235300,94.019,94.031,94.007,94.027,94.038,94.014,HIGHやで～
20150501235400,94.027,94.068,94.025,94.068,94.075,94.032,HIGHやで～
20150501235500,94.070,94.071,94.048,94.063,94.078,94.055,LOWやで～
20150501235600,94.063,94.067,94.041,94.067,94.074,94.048,HIGHやで～
20150501235700,94.067,94.102,94.067,94.095,94.109,94.074,HIGHやで～
20150501235800,94.096,94.109,94.079,94.106,94.116,94.086,HIGHやで～
20150501235900,94.107,94.112,94.087,94.089,94.119,94.094,LOWやで～
20150502000000,94.090,94.104,94.070,94.090,94.111,94.077,LOWやで～
20150502000100,94.089,94.118,94.084,94.117,94.125,94.091,HIGHやで～
20150502000200,94.116,94.121,94.070,94.088,94.128,94.077,LOWやで～
20150502000300,94.088,94.091,94.060,94.070,94.098,94.067,LOWやで～
20150502000400,94.069,94.069,94.040,94.051,94.076,94.047,LOWやで～
20150502000500,94.051,94.094,94.039,94.093,94.101,94.046,HIGHやで～
20150502000600,94.093,94.096,94.066,94.073,94.103,94.073,LOWやで～
20150502000700,94.074,94.078,94.058,94.058,94.085,94.065,LOWやで～
20150502000800,94.058,94.058,94.017,94.026,94.065,94.024,LOWやで～
20150502000900,94.027,94.030,93.968,93.983,94.037,93.975,LOWやで～
20150502001000,93.984,94.019,93.975,93.981,94.026,93.982,LOWやで～
20150502001100,93.982,94.016,93.982,94.012,94.023,93.989,HIGHやで～
20150502001200,94.013,94.026,94.005,94.016,94.033,94.012,HIGHやで～
20150502001300,94.016,94.034,94.015,94.021,94.041,94.022,HIGHやで～
20150502001400,94.020,94.070,94.018,94.069,94.077,94.025,HIGHやで～
20150502001500,94.069,94.073,94.038,94.045,94.080,94.045,LOWやで～
20150502001600,94.045,94.048,94.022,94.022,94.055,94.029,LOWやで～
20150502001700,94.022,94.042,94.017,94.041,94.049,94.024,HIGHやで～
20150502001800,94.039,94.039,93.969,93.983,94.046,93.976,LOWやで～
20150502001900,93.987,94.002,93.976,93.995,94.009,93.983,HIGHやで～
20150502002000,93.997,94.016,93.974,93.984,94.023,93.981,LOWやで～
20150502002100,93.989,94.002,93.933,93.939,94.009,93.940,LOWやで～
20150502002200,93.941,93.950,93.890,93.909,93.957,93.897,LOWやで～
20150502002300,93.908,93.912,93.881,93.901,93.919,93.888,LOWやで～
20150502002400,93.900,93.932,93.893,93.907,93.939,93.900,HIGHやで～
20150502002500,93.908,93.919,93.888,93.909,93.926,93.895,HIGHやで～
20150502002600,93.908,93.913,93.885,93.910,93.920,93.892,HIGHやで～
20150502002700,93.910,93.924,93.905,93.921,93.931,93.912,HIGHやで～
20150502002800,93.922,93.933,93.913,93.933,93.940,93.920,HIGHやで～
20150502002900,93.933,93.963,93.930,93.960,93.970,93.937,HIGHやで～
20150502003000,93.960,93.983,93.959,93.968,93.990,93.966,HIGHやで～
20150502003100,93.969,93.983,93.967,93.975,93.990,93.974,HIGHやで～
20150502003200,93.975,93.980,93.967,93.972,93.987,93.974,LOWやで～
20150502003300,93.972,93.996,93.966,93.969,94.003,93.973,LOWやで～
20150502003400,93.970,93.985,93.949,93.949,93.992,93.956,LOWやで～
20150502003500,93.947,93.964,93.924,93.935,93.971,93.931,LOWやで～
20150502003600,93.934,93.951,93.913,93.913,93.958,93.920,LOWやで～
20150502003700,93.916,93.933,93.910,93.920,93.940,93.917,HIGHやで～
20150502003800,93.920,93.930,93.910,93.917,93.937,93.917,LOWやで～
20150502003900,93.918,93.925,93.889,93.892,93.932,93.896,LOWやで～
20150502004000,93.887,93.944,93.887,93.934,93.951,93.894,HIGHやで～
20150502004100,93.934,93.942,93.914,93.925,93.949,93.921,LOWやで～
20150502004200,93.925,93.938,93.909,93.912,93.945,93.916,LOWやで～
20150502004300,93.912,93.935,93.904,93.924,93.942,93.911,HIGHやで～
20150502004400,93.927,93.938,93.912,93.925,93.945,93.919,LOWやで～
20150502004500,93.919,93.921,93.883,93.894,93.928,93.890,LOWやで～
20150502004600,93.894,93.911,93.893,93.907,93.918,93.900,HIGHやで～
20150502004700,93.904,93.913,93.893,93.895,93.920,93.900,LOWやで～
20150502004800,93.897,93.904,93.875,93.879,93.911,93.882,LOWやで～
20150502004900,93.879,93.880,93.842,93.844,93.887,93.849,LOWやで～
20150502005000,93.843,93.861,93.843,93.853,93.868,93.850,HIGHやで～
20150502005100,93.852,93.879,93.847,93.876,93.886,93.854,HIGHやで～
20150502005200,93.876,93.894,93.876,93.886,93.901,93.883,HIGHやで～
20150502005300,93.887,93.905,93.879,93.887,93.912,93.886,LOWやで～
20150502005400,93.887,93.908,93.881,93.907,93.915,93.888,HIGHやで～
20150502005500,93.906,93.915,93.894,93.913,93.922,93.901,HIGHやで～
20150502005600,93.913,93.939,93.913,93.932,93.946,93.920,HIGHやで～
20150502005700,93.933,93.937,93.920,93.931,93.944,93.927,LOWやで～
20150502005800,93.932,93.938,93.921,93.922,93.945,93.928,LOWやで～
20150502005900,93.921,93.927,93.891,93.895,93.934,93.898,LOWやで～
20150502010000,93.895,93.930,93.889,93.905,93.937,93.896,HIGHやで～
20150502010100,93.906,93.913,93.883,93.883,93.920,93.890,LOWやで～
20150502010200,93.883,93.899,93.880,93.888,93.906,93.887,HIGHやで～
20150502010300,93.890,93.895,93.863,93.877,93.902,93.870,LOWやで～
20150502010400,93.880,93.889,93.871,93.888,93.896,93.878,HIGHやで～
20150502010500,93.888,93.900,93.887,93.890,93.907,93.894,HIGHやで～
20150502010600,93.890,93.893,93.868,93.875,93.900,93.875,LOWやで～
20150502010700,93.875,93.875,93.831,93.850,93.882,93.838,LOWやで～
20150502010800,93.849,93.868,93.825,93.862,93.875,93.832,HIGHやで～
20150502010900,93.861,93.869,93.846,93.869,93.876,93.853,HIGHやで～
20150502011000,93.869,93.877,93.864,93.867,93.884,93.871,LOWやで～
20150502011100,93.867,93.874,93.849,93.865,93.881,93.856,LOWやで～
20150502011200,93.866,93.883,93.865,93.883,93.890,93.872,HIGHやで～
20150502011300,93.882,93.901,93.866,93.895,93.908,93.873,HIGHやで～
20150502011400,93.894,93.932,93.894,93.915,93.939,93.901,HIGHやで～
20150502011500,93.913,93.934,93.911,93.926,93.941,93.918,HIGHやで～
20150502011600,93.925,93.927,93.900,93.920,93.934,93.907,LOWやで～
20150502011700,93.923,93.929,93.899,93.906,93.936,93.906,LOWやで～
20150502011800,93.906,93.928,93.906,93.925,93.935,93.913,HIGHやで～
20150502011900,93.925,93.935,93.918,93.926,93.942,93.925,HIGHやで～
20150502012000,93.926,93.929,93.911,93.911,93.936,93.918,LOWやで～
20150502012100,93.911,93.912,93.897,93.912,93.919,93.904,HIGHやで～
20150502012200,93.912,93.933,93.909,93.932,93.940,93.916,HIGHやで～
20150502012300,93.932,93.963,93.930,93.955,93.970,93.937,HIGHやで～
20150502012400,93.955,93.966,93.952,93.966,93.973,93.959,HIGHやで～
20150502012500,93.968,94.015,93.954,94.008,94.022,93.961,HIGHやで～
20150502012600,94.008,94.031,94.004,94.029,94.038,94.011,HIGHやで～
20150502012700,94.029,94.035,94.013,94.017,94.042,94.020,LOWやで～
20150502012800,94.017,94.035,93.995,94.034,94.042,94.002,HIGHやで～
20150502012900,94.034,94.052,94.029,94.048,94.059,94.036,HIGHやで～
20150502013000,94.048,94.065,94.046,94.054,94.072,94.053,HIGHやで～
20150502013100,94.054,94.067,94.053,94.053,94.074,94.060,LOWやで～
20150502013200,94.053,94.055,94.030,94.045,94.062,94.037,LOWやで～
20150502013300,94.045,94.069,94.045,94.069,94.076,94.052,HIGHやで～
20150502013400,94.068,94.077,94.046,94.048,94.084,94.053,LOWやで～
20150502013500,94.048,94.053,94.023,94.026,94.060,94.030,LOWやで～
20150502013600,94.027,94.037,94.026,94.026,94.044,94.033,LOWやで～
20150502013700,94.026,94.041,94.026,94.031,94.048,94.033,HIGHやで～
20150502013800,94.031,94.040,94.013,94.017,94.047,94.020,LOWやで～
20150502013900,94.015,94.028,94.009,94.025,94.035,94.016,HIGHやで～
20150502014000,94.021,94.031,94.020,94.029,94.038,94.027,HIGHやで～
20150502014100,94.029,94.052,94.029,94.050,94.059,94.036,HIGHやで～
20150502014200,94.050,94.069,94.043,94.051,94.076,94.050,HIGHやで～
20150502014300,94.050,94.065,94.040,94.055,94.072,94.047,HIGHやで～
20150502014400,94.055,94.067,94.052,94.055,94.074,94.059,LOWやで～
20150502014500,94.055,94.080,94.048,94.052,94.087,94.055,LOWやで～
20150502014600,94.052,94.064,94.027,94.038,94.071,94.034,LOWやで～
20150502014700,94.038,94.053,94.038,94.046,94.060,94.045,HIGHやで～
20150502014800,94.046,94.055,94.022,94.025,94.062,94.029,LOWやで～
20150502014900,94.025,94.040,94.018,94.030,94.047,94.025,HIGHやで～
20150502015000,94.030,94.040,94.025,94.038,94.047,94.032,HIGHやで～
20150502015100,94.038,94.057,94.038,94.050,94.064,94.045,HIGHやで～
20150502015200,94.051,94.059,94.039,94.048,94.066,94.046,LOWやで～
20150502015300,94.049,94.054,94.033,94.038,94.061,94.040,LOWやで～
20150502015400,94.038,94.041,94.026,94.026,94.048,94.033,LOWやで～
20150502015500,94.026,94.052,94.024,94.038,94.059,94.031,HIGHやで～
20150502015600,94.037,94.057,94.030,94.057,94.064,94.037,HIGHやで～
20150502015700,94.058,94.072,94.048,94.067,94.079,94.055,HIGHやで～
20150502015800,94.066,94.066,94.031,94.033,94.073,94.038,LOWやで～
20150502015900,94.033,94.037,94.013,94.019,94.044,94.020,LOWやで～
20150502020000,94.020,94.035,94.006,94.015,94.042,94.013,LOWやで～
20150502020100,94.015,94.042,94.013,94.041,94.049,94.020,HIGHやで～
20150502020200,94.041,94.055,94.031,94.055,94.062,94.038,HIGHやで～
20150502020300,94.054,94.066,94.049,94.058,94.073,94.056,HIGHやで～
20150502020400,94.061,94.064,94.050,94.051,94.071,94.057,LOWやで～
20150502020500,94.051,94.058,94.038,94.055,94.065,94.045,HIGHやで～
20150502020600,94.055,94.076,94.044,94.065,94.083,94.051,HIGHやで～
20150502020700,94.064,94.077,94.053,94.076,94.084,94.060,HIGHやで～
20150502020800,94.076,94.084,94.061,94.075,94.091,94.068,LOWやで～
20150502020900,94.075,94.087,94.066,94.071,94.094,94.073,LOWやで～
20150502021000,94.072,94.083,94.068,94.076,94.090,94.075,HIGHやで～
20150502021100,94.075,94.077,94.055,94.074,94.084,94.062,LOWやで～
20150502021200,94.074,94.084,94.069,94.075,94.091,94.076,HIGHやで～
20150502021300,94.075,94.092,94.065,94.087,94.099,94.072,HIGHやで～
20150502021400,94.087,94.098,94.083,94.087,94.105,94.090,LOWやで～
20150502021500,94.087,94.110,94.087,94.103,94.117,94.094,HIGHやで～
20150502021600,94.103,94.109,94.098,94.098,94.116,94.105,LOWやで～
20150502021700,94.098,94.114,94.096,94.107,94.121,94.103,HIGHやで～
20150502021800,94.107,94.122,94.100,94.115,94.129,94.107,HIGHやで～
20150502021900,94.115,94.142,94.115,94.140,94.149,94.122,HIGHやで～
20150502022000,94.140,94.156,94.140,94.147,94.163,94.147,HIGHやで～
20150502022100,94.147,94.160,94.147,94.159,94.167,94.154,HIGHやで～
20150502022200,94.159,94.159,94.135,94.136,94.166,94.142,LOWやで～
20150502022300,94.136,94.187,94.133,94.170,94.194,94.140,HIGHやで～
20150502022400,94.170,94.170,94.151,94.162,94.177,94.158,LOWやで～
20150502022500,94.162,94.168,94.153,94.156,94.175,94.160,LOWやで～
20150502022600,94.156,94.164,94.148,94.164,94.171,94.155,HIGHやで～
20150502022700,94.164,94.168,94.153,94.166,94.175,94.160,HIGHやで～
20150502022800,94.165,94.190,94.165,94.173,94.197,94.172,HIGHやで～
20150502022900,94.172,94.195,94.171,94.191,94.202,94.178,HIGHやで～
20150502023000,94.186,94.194,94.180,94.182,94.201,94.187,LOWやで～
20150502023100,94.179,94.182,94.179,94.179,94.189,94.186,LOWやで～
20150502023200,94.179,94.180,94.167,94.167,94.187,94.174,LOWやで～
20150502023300,94.167,94.203,94.167,94.200,94.210,94.174,HIGHやで～
20150502023400,94.200,94.203,94.182,94.185,94.210,94.189,LOWやで～
20150502023500,94.184,94.192,94.179,94.180,94.199,94.186,LOWやで～
20150502023600,94.178,94.181,94.166,94.178,94.188,94.173,LOWやで～
20150502023700,94.178,94.188,94.170,94.181,94.195,94.177,HIGHやで～
20150502023800,94.181,94.185,94.168,94.176,94.192,94.175,LOWやで～
20150502023900,94.176,94.183,94.162,94.170,94.190,94.169,LOWやで～
20150502024000,94.170,94.170,94.156,94.162,94.177,94.163,LOWやで～
20150502024100,94.162,94.166,94.137,94.140,94.173,94.144,LOWやで～
20150502024200,94.139,94.147,94.134,94.139,94.154,94.141,LOWやで～
20150502024300,94.139,94.139,94.127,94.128,94.146,94.134,LOWやで～
20150502024400,94.128,94.128,94.114,94.126,94.135,94.121,LOWやで～
20150502024500,94.124,94.132,94.122,94.129,94.139,94.129,HIGHやで～
20150502024600,94.129,94.131,94.105,94.108,94.138,94.112,LOWやで～
20150502024700,94.108,94.109,94.096,94.098,94.116,94.103,LOWやで～
20150502024800,94.098,94.113,94.097,94.113,94.120,94.104,HIGHやで～
20150502024900,94.113,94.129,94.111,94.120,94.136,94.118,HIGHやで～
20150502025000,94.119,94.139,94.119,94.129,94.146,94.126,HIGHやで～
20150502025100,94.129,94.137,94.115,94.125,94.144,94.122,LOWやで～
20150502025200,94.125,94.139,94.121,94.131,94.146,94.128,HIGHやで～
20150502025300,94.131,94.132,94.117,94.128,94.139,94.124,LOWやで～
20150502025400,94.128,94.136,94.121,94.130,94.143,94.128,HIGHやで～
20150502025500,94.130,94.130,94.114,94.117,94.137,94.121,LOWやで～
20150502025600,94.117,94.131,94.110,94.126,94.138,94.117,HIGHやで～
20150502025700,94.126,94.127,94.111,94.116,94.134,94.118,LOWやで～
20150502025800,94.116,94.119,94.107,94.107,94.126,94.114,LOWやで～
20150502025900,94.108,94.122,94.106,94.113,94.129,94.113,HIGHやで～
20150502030000,94.113,94.122,94.113,94.119,94.129,94.120,HIGHやで～
20150502030100,94.120,94.127,94.120,94.121,94.134,94.127,HIGHやで～
20150502030200,94.121,94.125,94.119,94.120,94.132,94.126,LOWやで～
20150502030300,94.120,94.123,94.106,94.106,94.130,94.113,LOWやで～
20150502030400,94.112,94.116,94.108,94.114,94.123,94.115,HIGHやで～
20150502030500,94.114,94.136,94.114,94.133,94.143,94.121,HIGHやで～
20150502030600,94.132,94.137,94.128,94.132,94.144,94.135,LOWやで～
20150502030700,94.132,94.137,94.120,94.136,94.144,94.127,HIGHやで～
20150502030800,94.136,94.138,94.132,94.135,94.145,94.139,LOWやで～
20150502030900,94.135,94.145,94.134,94.138,94.152,94.141,HIGHやで～
20150502031000,94.138,94.144,94.136,94.142,94.151,94.143,HIGHやで～
20150502031100,94.143,94.174,94.143,94.149,94.181,94.150,HIGHやで～
20150502031200,94.149,94.149,94.137,94.149,94.156,94.144,LOWやで～
20150502031300,94.149,94.169,94.149,94.165,94.176,94.156,HIGHやで～
20150502031400,94.165,94.168,94.159,94.162,94.175,94.166,LOWやで～
20150502031500,94.162,94.170,94.151,94.151,94.177,94.158,LOWやで～
20150502031600,94.151,94.154,94.137,94.141,94.161,94.144,LOWやで～
20150502031700,94.141,94.150,94.140,94.140,94.157,94.147,LOWやで～
20150502031800,94.138,94.150,94.136,94.138,94.157,94.143,LOWやで～
20150502031900,94.138,94.149,94.134,94.148,94.156,94.141,HIGHやで～
20150502032000,94.149,94.154,94.129,94.145,94.161,94.136,LOWやで～
20150502032100,94.145,94.145,94.132,94.139,94.152,94.139,LOWやで～
20150502032200,94.142,94.148,94.140,94.145,94.155,94.147,HIGHやで～
20150502032300,94.145,94.146,94.133,94.141,94.153,94.140,LOWやで～
20150502032400,94.142,94.155,94.142,94.152,94.162,94.149,HIGHやで～
20150502032500,94.153,94.153,94.148,94.149,94.160,94.155,LOWやで～
20150502032600,94.149,94.168,94.149,94.162,94.175,94.156,HIGHやで～
20150502032700,94.162,94.163,94.155,94.161,94.170,94.162,LOWやで～
20150502032800,94.162,94.166,94.154,94.163,94.173,94.161,HIGHやで～
20150502032900,94.163,94.171,94.157,94.164,94.178,94.164,HIGHやで～
20150502033000,94.164,94.165,94.146,94.151,94.172,94.153,LOWやで～
20150502033100,94.151,94.154,94.141,94.151,94.161,94.148,LOWやで～
20150502033200,94.151,94.156,94.138,94.138,94.163,94.145,LOWやで～
20150502033300,94.138,94.141,94.128,94.139,94.148,94.135,HIGHやで～
20150502033400,94.138,94.144,94.130,94.130,94.151,94.137,LOWやで～
20150502033500,94.132,94.143,94.130,94.140,94.150,94.137,HIGHやで～
20150502033600,94.140,94.145,94.136,94.137,94.152,94.143,LOWやで～
20150502033700,94.137,94.137,94.120,94.120,94.144,94.127,LOWやで～
20150502033800,94.120,94.132,94.120,94.125,94.139,94.127,HIGHやで～
20150502033900,94.126,94.126,94.092,94.094,94.133,94.099,LOWやで～
20150502034000,94.093,94.103,94.092,94.103,94.110,94.099,HIGHやで～
20150502034100,94.103,94.103,94.088,94.097,94.110,94.095,LOWやで～
20150502034200,94.097,94.100,94.083,94.083,94.107,94.090,LOWやで～
20150502034300,94.083,94.088,94.077,94.077,94.095,94.084,LOWやで～
20150502034400,94.077,94.085,94.072,94.072,94.092,94.079,LOWやで～
20150502034500,94.071,94.082,94.056,94.082,94.089,94.063,HIGHやで～
20150502034600,94.083,94.086,94.071,94.082,94.093,94.078,LOWやで～
20150502034700,94.082,94.094,94.078,94.082,94.101,94.085,LOWやで～
20150502034800,94.082,94.085,94.081,94.081,94.092,94.088,LOWやで～
20150502034900,94.081,94.084,94.068,94.079,94.091,94.075,LOWやで～
20150502035000,94.079,94.080,94.060,94.060,94.087,94.067,LOWやで～
20150502035100,94.059,94.059,94.043,94.055,94.066,94.050,LOWやで～
20150502035200,94.055,94.058,94.055,94.056,94.065,94.062,HIGHやで～
20150502035300,94.049,94.061,94.044,94.057,94.068,94.051,HIGHやで～
20150502035400,94.057,94.066,94.049,94.050,94.073,94.056,LOWやで～
20150502035500,94.050,94.059,94.046,94.049,94.066,94.053,LOWやで～
20150502035600,94.049,94.055,94.049,94.053,94.062,94.056,HIGHやで～
20150502035700,94.053,94.055,94.043,94.046,94.062,94.050,LOWやで～
20150502035800,94.045,94.059,94.043,94.059,94.066,94.050,HIGHやで～
20150502035900,94.060,94.096,94.042,94.096,94.103,94.049,HIGHやで～
20150502040000,94.095,94.101,94.094,94.097,94.108,94.101,HIGHやで～
20150502040100,94.096,94.106,94.090,94.106,94.113,94.097,HIGHやで～
20150502040200,94.112,94.115,94.100,94.102,94.122,94.107,LOWやで～
20150502040300,94.102,94.113,94.095,94.113,94.120,94.102,HIGHやで～
20150502040400,94.113,94.126,94.113,94.126,94.133,94.120,HIGHやで～
20150502040500,94.126,94.128,94.116,94.117,94.135,94.123,LOWやで～
20150502040600,94.117,94.136,94.117,94.128,94.143,94.124,HIGHやで～
20150502040700,94.129,94.129,94.124,94.126,94.136,94.131,LOWやで～
20150502040800,94.126,94.126,94.115,94.118,94.133,94.122,LOWやで～
20150502040900,94.118,94.122,94.113,94.114,94.129,94.120,LOWやで～
20150502041000,94.114,94.120,94.088,94.092,94.127,94.095,LOWやで～
20150502041100,94.092,94.101,94.092,94.100,94.108,94.099,HIGHやで～
20150502041200,94.100,94.101,94.081,94.081,94.108,94.088,LOWやで～
20150502041300,94.081,94.089,94.079,94.080,94.096,94.086,LOWやで～
20150502041400,94.080,94.084,94.070,94.081,94.091,94.077,HIGHやで～
20150502041500,94.081,94.089,94.077,94.085,94.096,94.084,HIGHやで～
20150502041600,94.085,94.085,94.073,94.078,94.092,94.080,LOWやで～
20150502041700,94.077,94.080,94.074,94.079,94.087,94.081,HIGHやで～
20150502041800,94.079,94.080,94.070,94.071,94.087,94.077,LOWやで～
20150502041900,94.071,94.076,94.058,94.062,94.083,94.065,LOWやで～
20150502042000,94.062,94.075,94.054,94.071,94.082,94.061,HIGHやで～
20150502042100,94.071,94.080,94.068,94.075,94.087,94.075,HIGHやで～
20150502042200,94.075,94.080,94.073,94.079,94.087,94.080,HIGHやで～
20150502042300,94.079,94.081,94.072,94.073,94.088,94.079,LOWやで～
20150502042400,94.073,94.092,94.069,94.092,94.099,94.076,HIGHやで～
20150502042500,94.092,94.099,94.088,94.097,94.106,94.095,HIGHやで～
20150502042600,94.096,94.097,94.092,94.097,94.104,94.099,HIGHやで～
20150502042700,94.097,94.106,94.094,94.094,94.113,94.101,LOWやで～
20150502042800,94.094,94.095,94.081,94.089,94.102,94.088,LOWやで～
20150502042900,94.089,94.106,94.085,94.106,94.113,94.092,HIGHやで～
20150502043000,94.106,94.108,94.097,94.099,94.115,94.104,LOWやで～
20150502043100,94.099,94.101,94.096,94.096,94.108,94.103,LOWやで～
20150502043200,94.096,94.102,94.095,94.100,94.109,94.102,HIGHやで～
20150502043300,94.100,94.103,94.098,94.103,94.110,94.105,HIGHやで～
20150502043400,94.103,94.112,94.103,94.107,94.119,94.110,HIGHやで～
20150502043500,94.106,94.124,94.105,94.124,94.131,94.112,HIGHやで～
20150502043600,94.123,94.125,94.120,94.123,94.132,94.127,LOWやで～
20150502043700,94.123,94.141,94.122,94.136,94.148,94.129,HIGHやで～
20150502043800,94.136,94.141,94.129,94.129,94.148,94.136,LOWやで～
20150502043900,94.128,94.140,94.119,94.139,94.147,94.126,HIGHやで～
20150502044000,94.141,94.141,94.127,94.138,94.148,94.134,LOWやで～
20150502044100,94.138,94.148,94.135,94.135,94.155,94.142,LOWやで～
20150502044200,94.135,94.136,94.126,94.132,94.143,94.133,LOWやで～
20150502044300,94.131,94.143,94.131,94.134,94.150,94.138,HIGHやで～
20150502044400,94.135,94.142,94.133,94.138,94.149,94.140,HIGHやで～
20150502044500,94.138,94.141,94.128,94.132,94.148,94.135,LOWやで～
20150502044600,94.132,94.136,94.126,94.136,94.143,94.133,HIGHやで～
20150502044700,94.136,94.159,94.135,94.155,94.166,94.142,HIGHやで～
20150502044800,94.155,94.172,94.155,94.171,94.179,94.162,HIGHやで～
20150502044900,94.171,94.174,94.156,94.156,94.181,94.163,LOWやで～
20150502045000,94.156,94.168,94.153,94.166,94.175,94.160,HIGHやで～
20150502045100,94.166,94.169,94.157,94.166,94.176,94.164,LOWやで～
20150502045200,94.166,94.190,94.164,94.187,94.197,94.171,HIGHやで～
20150502045300,94.187,94.191,94.173,94.183,94.198,94.180,LOWやで～
20150502045400,94.182,94.182,94.169,94.179,94.189,94.176,LOWやで～
20150502045500,94.179,94.191,94.178,94.188,94.198,94.185,HIGHやで～
20150502045600,94.188,94.197,94.182,94.196,94.204,94.189,HIGHやで～
20150502045700,94.196,94.201,94.178,94.192,94.208,94.185,LOWやで～
20150502045800,94.190,94.196,94.165,94.178,94.203,94.172,LOWやで～
20150502045900,94.179,94.187,94.162,94.166,94.194,94.169,LOWやで～
20150502050000,94.167,94.179,94.158,94.174,94.186,94.165,HIGHやで～
20150502050100,94.172,94.183,94.165,94.172,94.190,94.172,LOWやで～
20150502050200,94.171,94.183,94.168,94.170,94.190,94.175,LOWやで～
20150502050300,94.170,94.172,94.165,94.165,94.179,94.172,LOWやで～
20150502050400,94.165,94.165,94.158,94.160,94.172,94.165,LOWやで～
20150502050500,94.160,94.165,94.158,94.160,94.172,94.165,LOWやで～
20150502050600,94.161,94.161,94.158,94.161,94.168,94.165,LOWやで～
20150502050700,94.161,94.161,94.157,94.157,94.168,94.164,LOWやで～
20150502050800,94.157,94.157,94.153,94.154,94.164,94.160,LOWやで～
20150502050900,94.154,94.158,94.153,94.156,94.165,94.160,HIGHやで～
20150502051000,94.152,94.152,94.136,94.136,94.159,94.143,LOWやで～
20150502051100,94.136,94.144,94.135,94.136,94.151,94.142,LOWやで～
20150502051200,94.136,94.143,94.134,94.135,94.150,94.141,LOWやで～
20150502051300,94.135,94.138,94.135,94.138,94.145,94.142,HIGHやで～
20150502051400,94.138,94.140,94.131,94.135,94.147,94.138,LOWやで～
20150502051500,94.136,94.147,94.136,94.147,94.154,94.143,HIGHやで～
20150502051600,94.147,94.148,94.142,94.143,94.155,94.149,LOWやで～
20150502051700,94.143,94.155,94.135,94.147,94.162,94.142,HIGHやで～
20150502051800,94.147,94.157,94.147,94.156,94.164,94.154,HIGHやで～
20150502051900,94.156,94.158,94.156,94.158,94.165,94.163,HIGHやで～
20150502052000,94.158,94.160,94.158,94.159,94.167,94.165,HIGHやで～
20150502052100,94.159,94.159,94.151,94.151,94.166,94.158,LOWやで～
20150502052200,94.150,94.151,94.146,94.149,94.158,94.153,LOWやで～
20150502052300,94.147,94.155,94.147,94.155,94.162,94.154,HIGHやで～
20150502052400,94.155,94.158,94.147,94.148,94.165,94.154,LOWやで～
20150502052500,94.147,94.148,94.138,94.145,94.155,94.145,LOWやで～
20150502052600,94.145,94.153,94.142,94.150,94.160,94.149,HIGHやで～
20150502052700,94.150,94.151,94.145,94.146,94.158,94.152,LOWやで～
20150502052800,94.146,94.160,94.146,94.160,94.167,94.153,HIGHやで～
20150502052900,94.158,94.175,94.158,94.175,94.182,94.165,HIGHやで～
20150502053000,94.174,94.174,94.162,94.163,94.181,94.169,LOWやで～
20150502053100,94.163,94.163,94.145,94.150,94.170,94.152,LOWやで～
20150502053200,94.150,94.158,94.149,94.157,94.165,94.156,HIGHやで～
20150502053300,94.157,94.158,94.144,94.145,94.165,94.151,LOWやで～
20150502053400,94.145,94.148,94.145,94.148,94.155,94.152,HIGHやで～
20150502053500,94.148,94.152,94.141,94.151,94.159,94.148,HIGHやで～
20150502053600,94.151,94.153,94.143,94.144,94.160,94.150,LOWやで～
20150502053700,94.144,94.145,94.072,94.108,94.167,94.130,LOWやで～
20150502053800,94.108,94.110,94.089,94.095,94.167,94.147,LOWやで～
20150502053900,94.095,94.135,94.095,94.104,94.163,94.134,HIGHやで～
20150502054000,94.097,94.097,94.088,94.095,94.167,94.155,LOWやで～
20150502054100,94.095,94.127,94.089,94.127,94.171,94.130,HIGHやで～
20150502054200,94.127,94.137,94.117,94.127,94.188,94.131,LOWやで～
20150502054300,94.126,94.157,94.120,94.127,94.195,94.148,HIGHやで～
20150502054400,94.127,94.155,94.115,94.139,94.198,94.153,HIGHやで～
20150502054500,94.139,94.140,94.132,94.138,94.199,94.186,LOWやで～
20150502054600,94.138,94.138,94.130,94.134,94.198,94.192,LOWやで～
20150502054700,94.137,94.139,94.130,94.138,94.200,94.190,HIGHやで～
20150502054800,94.138,94.154,94.138,94.153,94.207,94.178,HIGHやで～
20150502054900,94.153,94.185,94.149,94.165,94.263,94.182,HIGHやで～
20150502055000,94.165,94.192,94.165,94.192,94.272,94.252,HIGHやで～
20150502055100,94.194,94.214,94.187,94.201,94.280,94.231,HIGHやで～
20150502055200,94.191,94.191,94.164,94.166,94.254,94.233,LOWやで～
20150502055300,94.166,94.178,94.143,94.173,94.256,94.218,HIGHやで～
20150502055400,94.173,94.185,94.173,94.184,94.263,94.252,HIGHやで～
20150502055500,94.183,94.226,94.158,94.220,94.326,94.260,HIGHやで～
20150502055600,94.250,94.260,94.218,94.254,94.359,94.305,HIGHやで～
20150502055700,94.254,94.278,94.244,94.264,94.375,94.330,HIGHやで～
20150502055800,94.264,94.300,94.239,94.252,94.408,94.349,LOWやで～
20150502055900,94.268,94.353,94.216,94.351,94.413,94.345,HIGHやで～
